0,1,2,3,4,5,6,7,8,9,10,11,12,13,14,15,16,17,18,19,20,21,22,23,24,25,26,27,28,29,30,31,32,33,34,35,36,37,38,39,40,41,42,43,44,45,46,47,48
1,0.00170515398273,0.0022158676879099996,0.00317339212704,0.00393721435334,0.00368789060267,0.00296656211623,0.00208644962106,0.0010317111352100001,0.000817162210991,0.000962027096987,0.0011184960811400002,0.00118640363525,0.00167258627293,0.0028718948962900004,0.0022402813555999997,0.000790183232302,0.0006869663078709999,0.0322496177238,0.142457664092,0.237861234201,0.281207318249,0.1615480032,0.0161821711643,0.016924334872,0.015473135688200001,0.0143069458045,0.013972157980700001,0.0123419170743,0.008262208811780001,0.00536755133892,0.004584349649229999,0.0030122431363600005,0.0010989042989200002,1.53825448392e-17,1.53825448392e-17,1.53825448392e-17,1.53825448392e-17,1.53825448392e-17,1.53825448392e-17,1.53825448392e-17,1.53825448392e-17,1.53825448392e-17,1.53825448392e-17,1.53825448392e-17,1.53825448392e-17,1.53825448392e-17,1.53825448392e-17,1.53825448392e-17
2,0.0,0.0,0.0,0.000337796971508,0.000975685965214,0.000676157157841,0.0030762387884699996,0.0063672653860099996,0.005264876380939999,0.0049610448152600005,0.0049597864614099995,0.004857458953310001,0.00642072005443,0.00909762938313,0.014205079609100002,0.0198732228796,0.0337468378786,0.0768037436839,0.125509881934,0.150381753098,0.157670503902,0.13148459165999998,0.083031321645,0.0519322429224,0.0337373900767,0.023052063172599998,0.0181591419813,0.0117075821096,0.00897240287944,0.005548406842850001,0.00189717645693,0.00291904096388,0.0023729559868400003,0.0,0.0,0.0,0.0,0.0,0.0,0.0,0.0,0.0,0.0,0.0,0.0,0.0,0.0,0.0
3,0.0,0.0,0.0,0.000771398694827,0.000771398694827,0.0005609626164380001,0.0005609626164380001,0.00178201618626,0.00178201618626,0.00138741440418,0.00270544807519,0.00214117207816,0.00101591525931,0.00701016665321,0.0104779653455,0.015142640852399998,0.0231120675979,0.028348392284,0.089139568584,0.144323976966,0.160709062719,0.157820668701,0.12250045031,0.081338523471,0.0447379383571,0.0322831955859,0.0234125111139,0.0172941353855,0.013189311966299999,0.00482247980904,0.00193643428618,0.0024776076459999997,0.00145370022142,2.1684043449699997e-19,2.1684043449699997e-19,0.00249524866685,0.00249524866685,0.0,0.0,0.0,0.0,0.0,0.0,0.0,0.0,0.0,0.0,0.0
4,0.0,0.00382634450383,0.00752828350753,0.00727467800727,0.0070070115070100004,0.0067030625067,0.00632877550633,0.00586437100586,0.0053076350053100005,0.004730561504729999,0.00423671100424,0.004118436504120001,0.0040387130040399994,0.0046985615047,0.0066693420066700005,0.012019481512,0.027974558528,0.08509598758510001,0.152334119652,0.17377278667399998,0.142099764642,0.09807499759810001,0.0712428625712,0.051881416551900005,0.031994432532,0.0157913915158,0.0156990845157,0.0123649380124,0.00824260000824,0.00726389000726,0.004687938004689999,0.0035210930035199997,0.004608168004609999,0.0029980020030000005,2.6020852165700005e-18,2.6020852165700005e-18,2.6020852165700005e-18,2.6020852165700005e-18,2.6020852165700005e-18,2.6020852165700005e-18,2.6020852165700005e-18,2.6020852165700005e-18,2.6020852165700005e-18,2.6020852165700005e-18,2.6020852165700005e-18,2.6020852165700005e-18,2.6020852165700005e-18,2.6020852165700005e-18
5,0.00400439831603,0.00440960588253,0.0061737750798300005,0.016876709192899998,0.0316492862272,0.0286087082803,0.026373709668099998,0.0339892652263,0.036108409267699995,0.03667521263830001,0.0443747886334,0.0520031105795,0.04705958735,0.0370893073752,0.041260002064999995,0.051093530891899996,0.048588784950800004,0.061131245079199995,0.086562074867,0.10167581844799999,0.078409297591,0.041845497934400004,0.030436065209400003,0.0242620645821,0.0124471598213,0.00326054614342,0.0044585177548,0.0035992780743400003,0.0010270709748,0.00247900009283,0.0020681718027099998,0.0,0.0,0.0,0.0,0.0,0.0,0.0,0.0,0.0,0.0,0.0,0.0,0.0,0.0,0.0,0.0,0.0
6,0.0,0.0,0.010234470060700001,0.0252158417066,0.0248460846136,0.0172588543676,0.021005904586400004,0.025526288900700002,0.0328277789733,0.0493102543662,0.0555534531389,0.046064913259899996,0.04545917802090001,0.0635833435881,0.06464000370260001,0.061737972737600004,0.0603141871758,0.06569016082489999,0.0871909017962,0.07377074851439999,0.039241817224,0.023993888144299997,0.025988501578799998,0.03442764555530001,0.0224094851992,0.004525582358180001,0.0035704472192600004,0.007350316887109999,0.006611150687290001,0.0015441887891300002,0.00010663602300099999,5.651403824080001e-18,5.651403824080001e-18,5.651403824080001e-18,5.651403824080001e-18,5.651403824080001e-18,5.651403824080001e-18,5.651403824080001e-18,5.651403824080001e-18,5.651403824080001e-18,5.651403824080001e-18,5.651403824080001e-18,5.651403824080001e-18,5.651403824080001e-18,5.651403824080001e-18,5.651403824080001e-18,5.651403824080001e-18,5.651403824080001e-18
7,0.00014569153774300002,0.0013278927988399998,0.00274469319657,0.00334074950117,0.005026405288739999,0.00551535818197,0.00795005291853,0.0109658785864,0.0140160105228,0.0168141310816,0.0170881144201,0.018573741308599998,0.021631700625800002,0.026733371864,0.033317267566900004,0.047099187441,0.0703972629897,0.105363283453,0.136745965347,0.13761927543,0.107217923974,0.0696513916709,0.047448771553100004,0.0336634186903,0.0211465252705,0.013005736557400002,0.008780195703829999,0.00645171938723,0.0039819348106,0.0022718424234,0.00142889018624,0.0011281320368800001,0.000679672016069,0.00033891003193299997,0.000268909572974,8.47188247864e-05,2.04353825708e-05,1.48378466147e-05,1.8184472619199998e-17,1.8184472619199998e-17,1.8184472619199998e-17,1.8184472619199998e-17,1.8184472619199998e-17,1.8184472619199998e-17,1.8184472619199998e-17,1.8184472619199998e-17,1.8184472619199998e-17,1.8184472619199998e-17
8,0.0,0.0,0.0,0.00381407150831,0.00381407150831,0.0,0.00340218485867,0.00572732737572,0.00411918741271,0.0104988904602,0.0243102885468,0.0224451323716,0.022156090599000002,0.0326809375257,0.03500068109769999,0.0345970344463,0.04218990498459999,0.08594809967710001,0.13738934239199999,0.138191000782,0.113471883729,0.08662321321350001,0.0572241829999,0.0390571199324,0.0254556671858,0.019029393518,0.0165076803202,0.0111822345561,0.00981212954931,0.00773052475934,0.0026716849420300006,0.0009757366124289999,0.0024750198741599998,0.00149928326173,0.0,0.0,0.0,0.0,0.0,0.0,0.0,0.0,0.0,0.0,0.0,0.0,0.0,0.0
9,0.000999500249875,0.00149925037481,0.00249875062469,0.00349825087456,0.0044977511244399995,0.00550094952524,0.006000699650169999,0.00670034982509,0.00720009995002,0.00850314842579,0.00900289855072,0.010555822089,0.0176633683158,0.025563118440799996,0.0299221889055,0.0487813093453,0.082791954023,0.130212693653,0.149776961519,0.12302178910499999,0.128759670165,0.09698850574710001,0.0394246876562,0.0283191404298,0.016306646676700003,0.007200099950030001,0.0037018490754600003,0.00270234882559,0.00170284857571,0.000703348325837,3.44603988856e-17,3.44603988856e-17,3.44603988856e-17,3.44603988856e-17,3.44603988856e-17,3.44603988856e-17,3.44603988856e-17,3.44603988856e-17,3.44603988856e-17,3.44603988856e-17,3.44603988856e-17,3.44603988856e-17,3.44603988856e-17,3.44603988856e-17,3.44603988856e-17,3.44603988856e-17,3.44603988856e-17,3.44603988856e-17
10,0.0141633754408,0.0205618913613,0.0374425205304,0.0449076381135,0.0495656532967,0.0564938766851,0.0505627265387,0.049297609784199996,0.0535413427494,0.0550030150215,0.0507420251597,0.0401337649207,0.048573991980900004,0.0525109907808,0.0463055002266,0.0386685722222,0.031269452908400004,0.043752140822800004,0.0478555381179,0.0476290443888,0.0426845909791,0.0250878078941,0.0147573063775,0.00974097111292,0.006832743979600001,0.0046642683162399995,0.00467085695949,0.00593843898499,0.00417090292926,0.00188877195411,0.000221961909492,0.000180353776397,0.000180353776397,6.05544857592e-18,6.05544857592e-18,6.05544857592e-18,6.05544857592e-18,6.05544857592e-18,6.05544857592e-18,6.05544857592e-18,6.05544857592e-18,6.05544857592e-18,6.05544857592e-18,6.05544857592e-18,6.05544857592e-18,6.05544857592e-18,6.05544857592e-18,6.05544857592e-18
11,0.018272839297599996,0.013250673994,0.0128833920769,0.0237102368842,0.023571161253800002,0.0138495811724,0.0172751764114,0.02328961034,0.0404880874697,0.056938371436700004,0.05062507571219999,0.037653806916900005,0.0386361242989,0.05147931803119999,0.0595260488342,0.0658176694179,0.0888706972061,0.0971132246342,0.0720041737433,0.0513118581227,0.0444917891834,0.048303019114699995,0.0340580194631,0.012714420110599998,0.00386562487382,0.0,0.0,0.0,0.0,0.0,0.0,0.0,0.0,0.0,0.0,0.0,0.0,0.0,0.0,0.0,0.0,0.0,0.0,0.0,0.0,0.0,0.0,0.0
12,0.21301254776099998,0.202056424504,0.187804698783,0.131664374468,0.057515650168000004,0.0375667301321,0.0340991926712,0.0163932787328,0.00353671889304,0.0035849286872299997,0.0036215007256399996,0.0036424705766300003,0.00367703002042,0.00376454639057,0.00368870932365,0.0193495389805,0.027994428065900002,0.0287245705878,0.0183026605277,2.47994326526e-17,2.47994326526e-17,2.47994326526e-17,2.47994326526e-17,2.47994326526e-17,2.47994326526e-17,2.47994326526e-17,2.47994326526e-17,2.47994326526e-17,2.47994326526e-17,2.47994326526e-17,2.47994326526e-17,2.47994326526e-17,2.47994326526e-17,2.47994326526e-17,2.47994326526e-17,2.47994326526e-17,2.47994326526e-17,2.47994326526e-17,2.47994326526e-17,2.47994326526e-17,2.47994326526e-17,2.47994326526e-17,2.47994326526e-17,2.47994326526e-17,2.47994326526e-17,2.47994326526e-17,2.47994326526e-17,2.47994326526e-17
13,0.179640701122,0.18251495743700002,0.175616751383,0.159856262609,0.114298039418,0.04789374417140001,0.022453176263000002,0.0231354014193,0.0230457487238,0.023667173879400004,0.0178078468772,0.0180222852026,0.012047911492700002,0.0,0.0,0.0,0.0,0.0,0.0,0.0,0.0,0.0,0.0,0.0,0.0,0.0,0.0,0.0,0.0,0.0,0.0,0.0,0.0,0.0,0.0,0.0,0.0,0.0,0.0,0.0,0.0,0.0,0.0,0.0,0.0,0.0,0.0,0.0
14,0.127078074579,0.250847928354,0.288639598053,0.143345145992,0.0697044883367,0.0338989571251,0.0136435045212,0.017788013997799997,0.014337551353,0.009225034911799998,0.00927098483884,0.0084218098937,0.00680227065116,0.00455620342859,0.0021456586595899997,2.35552618371e-17,2.35552618371e-17,0.000147387652428,0.000147387652428,2.35552618371e-17,2.35552618371e-17,2.35552618371e-17,2.35552618371e-17,2.35552618371e-17,2.35552618371e-17,2.35552618371e-17,2.35552618371e-17,2.35552618371e-17,2.35552618371e-17,2.35552618371e-17,2.35552618371e-17,2.35552618371e-17,2.35552618371e-17,2.35552618371e-17,2.35552618371e-17,2.35552618371e-17,2.35552618371e-17,2.35552618371e-17,2.35552618371e-17,2.35552618371e-17,2.35552618371e-17,2.35552618371e-17,2.35552618371e-17,2.35552618371e-17,2.35552618371e-17,2.35552618371e-17,2.35552618371e-17,2.35552618371e-17
15,0.08904591797360001,0.0790288132338,0.0854153808693,0.106298259867,0.10296935062200001,0.12325758657199999,0.129225451269,0.07814165471130001,0.0358392960308,0.0225821738968,0.020535728390900003,0.0162248596242,0.015345004768199999,0.011619396265,0.0105509025321,0.012010289088899999,0.00939405774801,0.009506130427649999,0.009870444268979999,0.010146384127700001,0.0103984623806,0.00798685504753,0.00367148263977,0.000936117643883,1.36742797575e-17,1.36742797575e-17,1.36742797575e-17,1.36742797575e-17,1.36742797575e-17,1.36742797575e-17,1.36742797575e-17,1.36742797575e-17,1.36742797575e-17,1.36742797575e-17,1.36742797575e-17,1.36742797575e-17,1.36742797575e-17,1.36742797575e-17,1.36742797575e-17,1.36742797575e-17,1.36742797575e-17,1.36742797575e-17,1.36742797575e-17,1.36742797575e-17,1.36742797575e-17,1.36742797575e-17,1.36742797575e-17,1.36742797575e-17
16,0.0,0.0,0.0,0.0,0.0,0.0,0.0,0.0,0.0,0.0,0.0,0.0,0.0757824835,0.2555159165,0.224435795,0.08522468400000001,0.076710816,0.088997834,0.1011959075,0.0702615655,0.021874998,0.0,0.0,0.0,0.0,0.0,0.0,0.0,0.0,0.0,0.0,0.0,0.0,0.0,0.0,0.0,0.0,0.0,0.0,0.0,0.0,0.0,0.0,0.0,0.0,0.0,0.0,0.0
17,0.00993836779125,0.005964214711729999,0.00199006163221,0.005397843171200001,0.005397843171200001,0.00199006163221,0.005397843171200001,0.008805624710200001,0.008805624710200001,0.00930314011825,0.0347996604955,0.0654552663996,0.145575943737,0.198070884005,0.145287136043,0.10011945344900001,0.0648971536148,0.04843068714840001,0.04843068714840001,0.039625112189699996,0.0220139622724,0.00738790480341,0.00597018489663,0.0069652157127299994,0.00398012326442,0.0,0.0,0.0,0.0,0.0,0.0,0.0,0.0,0.0,0.0,0.0,0.0,0.0,0.0,0.0,0.0,0.0,0.0,0.0,0.0,0.0,0.0,0.0
18,0.0027817994124200002,0.00214380153818,0.0015636530892499999,0.00282132735651,0.0056074103026699995,0.0240397081531,0.0303281389066,0.0157979475657,0.011688151833,0.022717262102200004,0.06318642323819999,0.0624126879238,0.128705319726,0.22817378007300002,0.168301491292,0.08029996889280001,0.044831636927,0.0314104424364,0.022778129823500002,0.0167276171893,0.014475640321500002,0.007461358059350001,0.00293599763973,0.00209403335705,0.0006265548125279999,0.0006600216986769999,0.00107945449799,0.0011437848963599998,0.0007524289905669998,0.0007275806002750001,0.0007034801682000001,0.0006732283040549999,0.000349738871459,0.0,0.0,0.0,0.0,0.0,0.0,0.0,0.0,0.0,0.0,0.0,0.0,0.0,0.0,0.0
19,0.0,0.002,0.004,0.004,0.004,0.004,0.004,0.00952095,0.016241899999999997,0.0232148,0.030207799999999996,0.04187875,0.18385245,0.2591179,0.133407,0.07548839999999998,0.060953499999999994,0.0272558,0.03558145,0.03448845,0.0174419,0.01022095,0.004407,0.004407,0.003,0.004407,0.002907,3.59955121265e-17,3.59955121265e-17,3.59955121265e-17,3.59955121265e-17,3.59955121265e-17,3.59955121265e-17,3.59955121265e-17,3.59955121265e-17,3.59955121265e-17,3.59955121265e-17,3.59955121265e-17,3.59955121265e-17,3.59955121265e-17,3.59955121265e-17,3.59955121265e-17,3.59955121265e-17,3.59955121265e-17,3.59955121265e-17,3.59955121265e-17,3.59955121265e-17,3.59955121265e-17
20,0.0,0.0,0.018917050981099998,0.037975575962,0.0547382539453,0.06891987693110001,0.057601791442400005,0.045213664954800004,0.04327084445669999,0.038787344961199996,0.029029464970999997,0.021194783478799998,0.015729056984299997,0.0167880739832,0.0223193644777,0.0362241919638,0.05376455694619999,0.06875391793119999,0.07128869742869999,0.0612386819388,0.0531830224468,0.05363574394640001,0.0507053074493,0.0385024609615,0.0294525884705,0.012765682987200001,0.0,0.0,0.0,0.0,0.0,0.0,0.0,0.0,0.0,0.0,0.0,0.0,0.0,0.0,0.0,0.0,0.0,0.0,0.0,0.0,0.0,0.0
21,0.0,0.0025,0.005,0.005,0.01,0.022205900000000004,0.04411765,0.0588235,0.0735294,0.06882355,0.039911800000000004,0.037355900000000004,0.04426765,0.04711765,0.04641175,0.03641175,0.029705900000000004,0.04211765,0.07152939999999999,0.0735294,0.04911745,0.0377097,0.031504000000000004,0.0265,0.02505,0.02305,0.02099,0.018855,0.008865000000000001,0.0,0.0,0.0,0.0,0.0,0.0,0.0,0.0,0.0,0.0,0.0,0.0,0.0,0.0,0.0,0.0,0.0,0.0,0.0
22,0.0,0.00922246008666,0.0217029363007,0.0528867026817,0.08182686226689999,0.111505336373,0.119940316331,0.09067501086539999,0.071393301783,0.048242485579500005,0.049873455113199995,0.06010408218859999,0.0459323033391,0.0388048078409,0.0367060921199,0.0348050410411,0.030697694049999998,0.020838543637400002,0.025525139947299998,0.024170895185700002,0.0100186737679,0.00396383037711,0.00498064501498,0.00438037789998,0.00140257996599,0.000400426243198,0.0,0.0,0.0,0.0,0.0,0.0,0.0,0.0,0.0,0.0,0.0,0.0,0.0,0.0,0.0,0.0,0.0,0.0,0.0,0.0,0.0,0.0
23,0.0134702520028,0.0175464506415,0.0209566006187,0.033646867539300004,0.049691631309400006,0.0519069775043,0.0590799167843,0.0640274103521,0.0553607849493,0.044228706772600004,0.0425629245975,0.050009859469999994,0.0593774259362,0.06722729509440001,0.0628453556211,0.044762365642,0.039414957313599994,0.0476254367481,0.0365741184553,0.0214013374501,0.020296274156099997,0.0193213970962,0.0146115659883,0.0139915650864,0.0115125641796,0.010385092333399999,0.00765364719882,0.00480818866555,0.00485483735045,0.00126648224542,0.0012428991574700001,0.00447700435795,0.00386180738161,2.49840785244e-17,2.49840785244e-17,2.49840785244e-17,2.49840785244e-17,2.49840785244e-17,2.49840785244e-17,2.49840785244e-17,2.49840785244e-17,2.49840785244e-17,2.49840785244e-17,2.49840785244e-17,2.49840785244e-17,2.49840785244e-17,2.49840785244e-17,2.49840785244e-17
24,0.0,0.0,0.0,0.009000000000000001,0.01898945,0.02110025,0.0243108,0.0243111,0.0333331,0.04555530000000001,0.05777775,0.11244445,0.11800000000000001,0.08,0.07333335,0.06055555,0.06425555,0.06303335,0.046,0.039,0.032,0.025,0.018000000000000002,0.011000000000000001,0.009000000000000001,0.006999999999999999,0.005,0.002,2.86229373536e-17,2.86229373536e-17,2.86229373536e-17,2.86229373536e-17,2.86229373536e-17,2.86229373536e-17,2.86229373536e-17,2.86229373536e-17,2.86229373536e-17,2.86229373536e-17,2.86229373536e-17,2.86229373536e-17,2.86229373536e-17,2.86229373536e-17,2.86229373536e-17,2.86229373536e-17,2.86229373536e-17,2.86229373536e-17,2.86229373536e-17,2.86229373536e-17
25,0.024539857303599998,0.0337423408324,0.0613496926456,0.076687115807,0.0705521761743,0.12269938529100001,0.17177914928500002,0.134969363329,0.076687115807,0.049079714607199995,0.0429447749746,0.0276073518132,0.0153374231614,0.0122699780383,0.00920248352874,0.0061349890191599995,0.00920248352874,0.00920248352874,0.015337324388399999,0.015337324388399999,0.0061349890191599995,0.0061349890191599995,0.0030674945095799998,0.0,0.0,0.0,0.0,0.0,0.0,0.0,0.0,0.0,0.0,0.0,0.0,0.0,0.0,0.0,0.0,0.0,0.0,0.0,0.0,0.0,0.0,0.0,0.0,0.0
26,0.0,0.0,0.02725805,0.05638815,0.0665172,0.0799676,0.10709665,0.1451613,0.1132682,0.0648811,0.048387099999999995,0.048387099999999995,0.048387099999999995,0.02112905,0.02112905,0.0390371,0.02790805,0.0162905,0.0162905,0.01262905,0.023758099999999997,0.01612905,2.7755575615600003e-17,2.7755575615600003e-17,2.7755575615600003e-17,2.7755575615600003e-17,2.7755575615600003e-17,2.7755575615600003e-17,2.7755575615600003e-17,2.7755575615600003e-17,2.7755575615600003e-17,2.7755575615600003e-17,2.7755575615600003e-17,2.7755575615600003e-17,2.7755575615600003e-17,2.7755575615600003e-17,2.7755575615600003e-17,2.7755575615600003e-17,2.7755575615600003e-17,2.7755575615600003e-17,2.7755575615600003e-17,2.7755575615600003e-17,2.7755575615600003e-17,2.7755575615600003e-17,2.7755575615600003e-17,2.7755575615600003e-17,2.7755575615600003e-17,2.7755575615600003e-17
27,0.20921553498300002,0.183823456312,0.145146004345,0.105542563698,0.0717930510699,0.047604288229300004,0.0324954607397,0.0311363869534,0.030575818587700004,0.0283666970223,0.0190420576897,0.0128221730155,0.011670836047200001,0.012547074049,0.0100120807484,0.00962410729406,0.0114364653395,0.007916606394459999,0.00708288385427,0.00573931288909,0.0031272021416500003,0.0022187376302399997,0.00035177543256199997,0.00013639106951299999,0.00013639106951299999,0.0,0.000151535286037,0.000151535286037,0.0,6.67864112306e-05,6.67864112306e-05,0.0,0.0,0.0,0.0,0.0,0.0,0.0,0.0,0.0,0.0,0.0,0.0,0.0,0.0,0.0,0.0,0.0
28,0.148148148148,0.143518518519,0.13240740740700002,0.114583333333,0.08981481481480001,0.0694444444444,0.060185185185199996,0.0451388888889,0.026620370370400003,0.0185185185185,0.023148148148099998,0.024305555555599996,0.019675925925900003,0.0138888888889,0.00810185185185,0.006944444444439999,0.006944444444439999,0.0104166666667,0.00925925925926,0.006944444444439999,0.00578703703704,0.00324074074074,0.0018518518518499999,0.0018518518518499999,0.0018518518518499999,0.0018518518518499999,0.00208333333333,0.00231481481481,0.00115740740741,0.0,0.0,0.0,0.0,0.0,0.0,0.0,0.0,0.0,0.0,0.0,0.0,0.0,0.0,0.0,0.0,0.0,0.0,0.0
29,0.221632809819,0.20724089632,0.171002467168,0.126007909807,0.08565008305019998,0.0550524456283,0.03482383731909999,0.0237739745708,0.017082287934700003,0.0123358217062,0.00908068723447,0.0066401832567100005,0.00513345776853,0.00578207748485,0.00508084301879,0.0039017371102500003,0.00281623415918,0.001461850121,0.0010809546383399999,0.0011600352947200002,0.00100958897502,0.000372513403734,0.000233061476485,0.000307433640432,0.00031626527722299996,9.24487407282e-05,0.000163362209479,0.000160208053482,0.00020914658002500001,0.000226724160758,9.31158265942e-05,7.55382458609e-05,0.0,0.0,0.0,0.0,0.0,0.0,0.0,0.0,0.0,0.0,0.0,0.0,0.0,0.0,0.0,0.0
30,0.0246337418987,0.0421428230865,0.109836924572,0.16197125329700002,0.15191449528200002,0.123964106117,0.104109145821,0.07838748614060001,0.050298214939900006,0.0371205819514,0.026932588566,0.020554177384299998,0.0165365733339,0.013796231307000001,0.009113064045049999,0.00748701231987,0.0061533480363,0.0031867531988000004,0.0027638913318,0.00268457113025,0.00177061465352,0.000940982416097,0.00117883825303,0.000878991624582,0.000506430675806,0.000396385958222,8.03554721737e-05,2.0658542588e-05,0.000321872665648,0.00030121412306,4.77598294633e-17,4.77598294633e-17,4.77598294633e-17,8.33592733419e-06,8.33592733419e-06,4.77598294633e-17,4.77598294633e-17,4.77598294633e-17,4.77598294633e-17,4.77598294633e-17,4.77598294633e-17,4.77598294633e-17,4.77598294633e-17,4.77598294633e-17,4.77598294633e-17,4.77598294633e-17,4.77598294633e-17,4.77598294633e-17
31,0.026297236305,0.0349840460744,0.0780744592394,0.117737729513,0.100472436048,0.07253803504,0.0683892257708,0.05831397251619999,0.0423272791089,0.033804523221299995,0.0260009031249,0.0335889941148,0.042083723881400005,0.036881357069199996,0.0350660530502,0.030016110402700004,0.026989908250500003,0.0283463026309,0.0235188868853,0.020427877759799998,0.013267965005600001,0.00910034354584,0.014594062225799998,0.0108659542325,0.0053234556272100005,0.00393640970465,0.00141306055174,0.00210396557883,0.0021650590288,0.000316932254302,0.000478445567009,0.00035098785962300004,0.0,0.00011214940582899999,0.00011214940582899999,0.0,0.0,0.0,0.0,0.0,0.0,0.0,0.0,0.0,0.0,0.0,0.0,0.0
32,0.08370445706089999,0.100058522277,0.126669926825,0.134041970865,0.11439217674,0.0896548953373,0.0694456507059,0.05239502978680001,0.0345157327311,0.0218593106701,0.022189976089,0.020655485667,0.0169099408727,0.0122211345707,0.010324390034899999,0.0118638470159,0.0146950414534,0.013315082061900001,0.0130311718588,0.0146616696456,0.011613611395299999,0.007058828408069999,0.00278007581669,0.00105549893751,0.000522060226832,0.000158609865635,9.09608004457e-05,4.85967758464e-05,2.78193414429e-05,2.04693898953e-05,1.3122312791e-05,4.93446101812e-06,0.0,0.0,0.0,0.0,0.0,0.0,0.0,0.0,0.0,0.0,0.0,0.0,0.0,0.0,0.0,0.0
33,0.00250677908625,0.0036116714877199997,0.00624785817229,0.00976575584263,0.0140346026,0.018774195089200002,0.0237623206786,0.0286951162052,0.0528218680364,0.0785616680527,0.08528809563829999,0.08975351670230002,0.0961771447899,0.108514964289,0.12778598887599998,0.106564153983,0.061201281187199995,0.0357634726829,0.020245605024900002,0.0155032145471,0.00989027008193,0.0035663998019899996,0.0006648805997799999,0.00029917654465599994,0.0,0.0,0.0,0.0,0.0,0.0,0.0,0.0,0.0,0.0,0.0,0.0,0.0,0.0,0.0,0.0,0.0,0.0,0.0,0.0,0.0,0.0,0.0,0.0
34,0.0051604123565799995,0.00495186170008,0.0042583100290199995,0.0037733090144699997,0.0037733090144699997,0.0032910025834899997,0.00452344443757,0.00623819272263,0.00794970830833,0.0122241858387,0.0153319647489,0.025750867198000002,0.022480626874,0.0291805059308,0.0586055762307,0.0734902200845,0.0804507589294,0.0817251908351,0.0798044127783,0.058637339078800005,0.0328954146144,0.029395690679099997,0.0309525062327,0.027933191557299997,0.0190911285762,0.012654704005400001,0.012654704005400001,0.012654704005400001,0.0194013635959,0.025327523741799998,0.0247447953922,0.029426243142,0.0243956698678,0.00867880615692,0.0028656182917800002,0.005763333814279999,0.00706911559545,0.0034283607703600003,0.00212257898919,0.0035943156821100003,0.00469589828642,0.00797727485431,0.015470969319799998,0.0138160830382,0.00831326835099,0.00982945491045,0.0124156118986,0.0108304719318
35,0.0,0.0,0.0,0.0,0.0,0.0,0.0,0.0,0.0,0.0,0.0,0.0,0.0,0.00420631150841,0.012618932525200001,0.012618932525200001,0.012618932525200001,0.0168252420337,0.0354171875708,0.052023777604,0.058880109117800006,0.0513052346026,0.0455563875911,0.0530815081062,0.0735369951471,0.07367981564739999,0.06375491162750001,0.07578253665160001,0.0742798051486,0.049024662598,0.029026257058099997,0.037139902074300006,0.0312714380625,0.026022476552,0.024196110548400002,0.0104417180209,0.004143940008289999,0.0139181280278,0.0139181280278,0.0139181280278,0.0139181280278,0.01001162602,0.00686273701373,0.0,0.0,0.0,0.0,0.0
36,0.0,0.0,0.0,0.0,0.0,0.0,0.0,0.0,0.0,0.0,0.0,0.0,0.0,0.0,0.053706317,0.10405600150000001,0.231608548,0.2349651805,0.055720385,0.015440637,0.015037759,0.006574194,0.009926008,0.009926008,0.009926008,0.046321329,0.08271665,0.08271665,0.041358325,2.7755575615600003e-17,2.7755575615600003e-17,2.7755575615600003e-17,2.7755575615600003e-17,2.7755575615600003e-17,2.7755575615600003e-17,2.7755575615600003e-17,2.7755575615600003e-17,2.7755575615600003e-17,2.7755575615600003e-17,2.7755575615600003e-17,2.7755575615600003e-17,2.7755575615600003e-17,2.7755575615600003e-17,2.7755575615600003e-17,2.7755575615600003e-17,2.7755575615600003e-17,2.7755575615600003e-17,2.7755575615600003e-17
37,0.0,0.0,0.0,0.0,0.0011903677193800001,0.0028342099990900003,0.0032876845594200003,0.0032876845594200003,0.00204233235425,0.0007969801490900001,0.0007969801490900001,0.0007969801490900001,0.00039849007454500004,0.0,0.0,0.108334044157,0.133676008214,0.09002300029829999,0.0646810362411,0.03926265017680001,0.041284728590699996,0.00524306523875,0.006441973649810001,0.006441973649810001,0.006441973649810001,0.006441973649810001,0.007107191131229999,0.00777240861265,0.015532842348200002,0.0142024053843,0.005111534685,0.005111534685,0.0049632228952,0.00481491110541,0.00481491110541,0.00481491110541,0.0282876067462,0.051760302386999996,0.126992097324,0.144446153083,0.0437573171099,0.000914141150421,0.00098206198522,0.00098206198522,0.00098206198522,0.00098206198522,0.00098206198522,0.00098206198522
38,0.0229294438785,0.014525791017799999,0.006122138157149999,0.014525791017799999,0.011464721939299998,1.75603061588e-18,1.75603061588e-18,1.75603061588e-18,1.75603061588e-18,1.75603061588e-18,1.75603061588e-18,1.75603061588e-18,0.0035167137318200003,0.00445567328061,0.0220391472913,0.028133583825400002,0.0105501098147,0.00445567328061,0.00898499164824,0.015079428182299999,0.0111760821724,0.043275308393099995,0.053704635163199996,0.0323969208566,0.031628961674099995,0.027070014803299996,0.033370365841200005,0.0347791602225,0.023919860795299997,0.049453914211599996,0.0597751200756,0.029349466474599996,0.0112226876693,0.018207107995200002,0.0259978565622,0.0106698132598,0.0176140692439,0.032349073794999995,0.0263645063792,0.0263645063792,0.021566065561900005,0.00852886717297,0.0062746770171499995,0.0148877170175,0.035251030755599995,0.0621357208858,0.0503854471481,0.035497835408
39,0.0,0.0,0.0,0.0,0.0,0.0,0.0,0.0,0.0,0.0,0.0,0.0,0.0,0.0,0.0063085455,0.007335610500000001,0.0102833225,0.0190197145,0.0380394635,0.0380394635,0.024229881499999998,0.022957932,0.016983015,0.025474523,0.067932109,0.0603576855,0.0179000995,0.0167959295,0.0119727575,0.0073366709999999995,0.020651351000000002,0.033966031,0.026342367999999998,0.013402596999999999,0.008086489,0.02276195,0.0561561655,0.0838898395,0.051506435,0.0511021105,0.0554074075,0.0297572675,0.02370238,0.02370238,0.04079583,0.02370238,0.02370238,0.020397915
40,0.0189274641682,0.010454268352,0.0019810725358299997,0.0019810725358299997,0.004145097120349999,0.012618292936499999,0.009463732084110001,0.0,0.0,0.0,0.0,0.022760245203299997,0.026722390274999997,0.0100883147278,0.0509684398801,0.0492996834296,0.029381682993400004,0.0488044152956,0.0602492199155,0.05845109942840001,0.031545757104799996,0.0380378803851,0.08220193042639999,0.059936953357100003,0.00779497563355,0.0235678294225,0.0235678294225,0.015460587230499999,0.0265930757652,0.0378548788096,0.027712926542899998,0.0215867568867,0.029930588666300002,0.0220820250206,0.028391196252299997,0.0234385149127,0.009463732084110001,0.00630912170486,0.00630912170486,0.00630912170486,0.00630912170486,0.0056309015222200005,0.015277585655,0.015955805837700003,0.004640365254310001,0.004640365254310001,0.00315456085243,1.7183065177599998e-18
41,0.0,0.0,0.0,0.0,0.0,0.0,0.0,0.0,0.0,0.0,0.0,0.00320515,0.0096154,0.01442305,0.0384615,0.10647435,0.1497436,0.15384615,0.1554487,0.1201923,0.08123075,0.04437185,0.0176283,0.0176282,0.00961535,0.00641025,0.00801285,0.0048077,0.0032051000000000002,0.0032051000000000002,0.00641025,0.00641025,0.0048077,0.0048077,0.0048077,0.0048077,0.00310255,0.00310255,0.0048077,0.00470515,0.00310255,0.00160255,8.21825246744e-17,8.21825246744e-17,8.21825246744e-17,8.21825246744e-17,8.21825246744e-17,8.21825246744e-17
42,0.0,0.0,0.0,0.0,0.0,0.0,0.0,0.0,0.0,0.0,0.0,0.0,0.0,0.0,0.05743240000000001,0.12499995,0.2321081,0.25913515,0.1385135,0.05405405,0.0168919,0.01013515,0.0067567999999999994,0.0048784,0.003,0.0168919,0.030783799999999997,0.0168919,0.003,0.003,0.011513500000000001,0.0100135,0.0,0.0,0.0,0.0,0.0,0.0,0.0,0.0,0.0,0.0,0.0,0.0,0.0,0.0,0.0,0.0
43,0.0,0.0,0.0,0.0,0.0,0.0,0.0,0.0,0.0,0.0,0.0,0.04,0.0425,0.005,0.005,0.005,0.0625,0.16,0.14,0.06,0.04,0.06,0.0425,0.0225,0.0225,0.0225,0.06,0.0425,0.0225,0.06,0.06,0.0225,0.0025,0.0,0.0,0.0,0.0,0.0,0.0,0.0,0.0,0.0,0.0,0.0,0.0,0.0,0.0,0.0
44,0.0,0.0,0.0,0.0,0.0,0.0,0.0,0.0,0.0,0.0,0.0,0.0,0.0,0.0,0.0138408273249,0.0380103711629,0.0430276723225,0.0430276723225,0.0449307848253,0.048442895637,0.06769894627640001,0.0642387645317,0.041522532147599996,0.036055379766000005,0.039515561510800004,0.0449827138923,0.0543598992406,0.057820080985300004,0.048442895637,0.0459342450572,0.037110718892,0.026903320720799997,0.0164707962467,0.0188062495905,0.0447401775543,0.035916651389,0.012456754627000001,0.00743945346739,0.012335687150000002,0.010380645580200002,0.0049654222656,0.0049654222656,0.00692041366243,0.00692041366243,0.0030103806957499997,0.0030103806957499997,0.00692041366243,0.00887545523228
45,0.0,0.0,0.0,0.0,0.0,0.0,0.0,0.0,0.0,0.0,0.0,0.0,0.0,0.0,0.0,0.0035970999999999998,0.00838845,0.01138845,0.0209856,0.03597125,0.06734535,0.05295685,0.014388499999999999,0.02158275,0.03597125,0.043165499999999996,0.03597125,0.02517985,0.0273741,0.025629900000000004,0.0520826,0.04453545,0.02308275,0.03497125,0.03841835,0.04301545,0.032374099999999996,0.02658275,0.0552097,0.09547230000000001,0.07044245,0.02517985,0.01079135,0.0071892,0.0071742,0.0035821,0.0,0.0
46,0.0,0.0,0.0,0.0,0.0,0.0,0.0,0.0,0.0007547347195150001,0.0007547347195150001,0.0039735941548099995,0.00972517118752,0.0213570611685,0.0763991208182,0.1307607192,0.15078952110899999,0.17774347029100002,0.166686595999,0.0985257926987,0.0525970003467,0.034523628117499996,0.015727971424499998,0.00643480757851,0.00926373139312,0.011908107692799999,0.007915306111,0.00558478129877,0.0033727318727,0.0035051601587,0.00183997209704,0.0020091820732000003,0.0026451218745000005,0.00132325325671,0.00135250819174,0.00159570759096,0.000930512854633,2.43945488809e-17,2.43945488809e-17,2.43945488809e-17,2.43945488809e-17,2.43945488809e-17,2.43945488809e-17,2.43945488809e-17,2.43945488809e-17,2.43945488809e-17,2.43945488809e-17,2.43945488809e-17,2.43945488809e-17
47,0.0,0.0,0.0,0.0,0.0,0.0,0.0,0.0,0.0,0.0,0.0,0.0,0.0,0.0,0.0,0.009809299999999998,0.020118599999999997,0.07216495,0.19587625,0.16994845,0.06851025,0.05851025,0.0310825,0.0310825,0.04139175,0.02061855,0.00665465,0.02211855,0.02211855,0.00665465,0.00665465,0.011809299999999998,0.025773200000000003,0.0412371,0.04639175,0.0397371,0.024273199999999998,0.00665465,0.003,0.003,0.003,0.00665465,0.00515465,1.99493199737e-17,1.99493199737e-17,1.99493199737e-17,1.99493199737e-17,1.99493199737e-17
48,0.00583946270552,0.00391827148709,0.0019970802686500003,0.0024584058107,0.00145986567638,6.495716297689999e-19,6.495716297689999e-19,6.495716297689999e-19,6.495716297689999e-19,6.495716297689999e-19,6.495716297689999e-19,6.495716297689999e-19,0.00145986567638,0.0024584058107,0.011217500015,0.0132119840793,0.010254358128399999,0.0174802938104,0.06569340624009999,0.0890511072812,0.0510948992573,0.0416846570314,0.0402569443474,0.0452875895441,0.0525547150067,0.0381459805764,0.029217034695299997,0.0348630801768,0.0437920260579,0.037956208023900005,0.030656929569000003,0.0335766109947,0.042335755126,0.0335766609217,0.0160883787902,0.0131686474374,0.0169810237433,0.028659849300299998,0.0525547150067,0.042335755126,0.0102190098077,0.00875914413128,0.011678825556999999,0.00683795291284,0.0024584058107,0.00291973135276,0.00291973135276,0.00291973135276
49,0.0,0.0,0.0,0.0,0.0,0.0,0.0,0.0,0.0,0.0,0.0,0.0,0.00225225,0.0198964,0.04654955,0.08408560000000001,0.13663515,0.21884235,0.2438739,0.1191239,0.025402900000000003,0.02089615,0.01263515,0.00563065,0.00563065,0.00563065,0.00187615,0.0015,0.00187615,0.00900905,0.008632899999999999,0.00187615,0.0022523000000000005,0.0067567999999999994,0.00638065,0.0015,0.00187615,0.00187615,0.0015,0.0015,0.0015,0.00187615,0.00112615,0.0,0.0,0.0,0.0,0.0
50,0.0,0.0,0.0,0.0,0.0,0.0,0.0016923610788,0.00191582124151,0.0029232719320700005,0.006205490788390001,0.011275208666100002,0.021353824601500003,0.03859911160971242,0.06278056215359164,0.09777630867995266,0.1261524147046389,0.1304540111653381,0.11441084363261186,0.07983331013612231,0.04945113125423208,0.0312124591468,0.0204749525592,0.016861564438,0.013397185802700001,0.0116001340594,0.010312432089,0.013471250292499999,0.0154836708083,0.013731453832200003,0.0122683488108,0.012517312763700002,0.0112258570556,0.013878982751986176,0.012346869646184273,0.008101439341996163,0.007703503274343698,0.008655744636796477,0.008370595240770225,0.0058187781950946905,0.0033967057779582988,0.0020704412523399997,0.00105347800331,0.000216017566628,8.47757727154e-05,0.000461187618362,0.000461187618362,1.82688066064e-17,1.82688066064e-17
51,0.0,0.0,0.0,0.0,0.0,0.0,0.0,0.0,0.0,0.00274771491825,0.00274771491825,0.006357032835330001,0.010318784197600002,0.00467925494432,0.00414673150485,0.00507681943109,0.018714551852,0.0384420956397,0.0462410366895,0.039575010464699995,0.0395563867691,0.0360399359674,0.0513360684953,0.0600451941108,0.107645692028,0.12905115081399998,0.114535316857,0.0975326139758,0.051527903986,0.04344286640930001,0.027186756637499997,0.011059184642299998,0.0126429528598,0.0130664305624,0.004996680411939999,0.00656913730517,0.00277573044077,0.000874788118329,0.000186922491195,0.0,0.00232894455472,0.0037027106091999996,0.00137376605448,0.00023477282084799999,0.00023477282084799999,0.00150328643102,0.00150328643102,0.0
52,0.0,0.0,0.0,0.0,0.0,0.0,0.0,0.0,0.0,0.0,0.0,0.0014853857790199999,0.0062562249361360674,0.016489153839986517,0.13533036826244765,0.2020474036596785,0.24821042721682696,0.21454081204397496,0.06614871515500759,0.02323120397989172,0.0029840140344999998,0.0028343980551100005,0.00252289980245,0.004659079285100001,0.011176770145399998,0.00852345395408,0.0017556083127999997,0.0005800764789419999,0.00010194306416900001,0.000233463659572,0.000503934239734,0.0013220072259300002,0.010060599839226343,0.008621603915647808,0.0015229492686327653,0.005887040310334279,0.008549291338484718,0.007591485991687474,0.004740705366247656,0.0012352771896599513,0.00045324476039599996,0.00023360368575799998,0.000166855203258,0.0,0.0,0.0,0.0,0.0
53,0.0,0.0,0.0,0.0,0.0,0.0,0.0,0.0,0.0,0.003703194618529464,0.004425279646130588,0.0015819311858795535,0.006543536357424122,0.01525418667485288,0.04543122933259436,0.08051311333325474,0.0858188459282457,0.07361107255072935,0.09330106514789997,0.07901754380501883,0.049286736737,0.0436691846785,0.0194249784096,0.012965029513100001,0.019553090064299998,0.0225888438996,0.0193593897017,0.017702299358000002,0.013975430061299999,0.0130401685314,0.014639808369499999,0.0140899966258,0.016879034367554637,0.014625384928799123,0.023064256580516578,0.04587358992655774,0.042559870850134185,0.030937005522613845,0.016263179166091594,0.007501081689762292,0.03186342718074195,0.013289253879977397,0.003598196902839943,0.003598196902839943,1.9268651165023465e-17,0.00022578378569516926,0.00022578378569516926,1.9268651165023465e-17
54,0.00011746028419799999,5.87301420989e-05,0.0,0.0,0.0,0.0,0.0,0.0,0.0,9.63248349506e-05,0.0015623278071700002,0.00224427863114,0.0013140705433733121,0.0024567615224964346,0.007271697905948931,0.012154733192727614,0.02392536541751137,0.02537765332809151,0.04010244623117261,0.05067945483754823,0.065360616601,0.06804802948319999,0.060246753119099994,0.052848950780699996,0.0498418454738,0.0530658417006,0.048233710856499995,0.0432138216036,0.042187236924400004,0.0407964383417,0.03823454782230001,0.0359687636465,0.038399863531624015,0.03379420088931214,0.02217072269084234,0.021547157464550153,0.022834693691672556,0.02261272764354412,0.02553830077510642,0.022030975590548257,0.0116995414343,0.007957791717649999,0.00163652193627,0.0017555976369600002,0.00141882080747,0.000924133264659,0.00019817109346200002,7.29188002897e-05
55,0.0,0.0,0.0,0.0,0.0,0.0,2.27393737058e-05,5.09412634701e-05,0.00014199577387200002,0.0006677851772400001,0.00323311153344,0.0043530297307700005,0.00534958099837128,0.007043224001859633,0.011349878559089532,0.0159239801237312,0.02583684719678025,0.02848663773478286,0.031368048546428405,0.029071120985606835,0.0258931264958,0.0257070344465,0.0204000451403,0.0196375700633,0.0246597108509,0.022835734429399998,0.0235470580425,0.0218068572681,0.0168611512821,0.020672737068,0.0263744288666,0.029482112731099998,0.037510089672124255,0.04431984009596727,0.05074950284214689,0.06481482176329953,0.08627842117458932,0.0858564151807118,0.07657910682739857,0.05684164390196239,0.0242993006707,0.015332409436000002,0.00784095268177,0.0053157045391,0.0019518645132999997,0.0010938398707899999,0.000353605615244,8.59935310444e-05
56,0.0,0.0,0.0,0.0,0.0,0.0,0.000945337435685,0.000945337435685,0.00036340781431399996,0.000775666053507,0.005397526586880001,0.0129671117593,0.02096203948728778,0.04396075982475784,0.08079453900736598,0.14129484774007525,0.18788400610667572,0.16087244073502344,0.09579946490999863,0.0502996214648153,0.029833148883700002,0.016610825217,0.0115684110892,0.00792523206624,0.0051673556536199995,0.00431912266961,0.007363332125979999,0.009764965246719999,0.0110730598806,0.0122259825767,0.00846127001686,0.00460505295101,0.003992319321705935,0.009254108907221557,0.011637877914477809,0.004413165818873334,0.006325920093081066,0.01659842196610999,0.013187384715422544,0.002410936523707762,3.4694469519500004e-18,3.4694469519500004e-18,3.4694469519500004e-18,3.4694469519500004e-18,3.4694469519500004e-18,3.4694469519500004e-18,3.4694469519500004e-18,3.4694469519500004e-18
57,0.0,0.0,0.0,0.0,0.0,0.0,0.0,0.0,0.0,0.0,0.0,0.0,0.0,0.0,0.0046729,0.00700935,0.00700935,0.02102805,0.03037385,0.02102805,0.0093458,0.0046729,0.0233645,0.060747699999999995,0.19058870000000003,0.25133635,0.16588785,0.0771028,0.0186916,0.0093458,0.0093458,0.02102805,0.0233645,0.01168225,0.00283645,0.001,0.00283645,0.00700935,0.01168225,0.00700935,6.15826833972e-17,6.15826833972e-17,6.15826833972e-17,6.15826833972e-17,6.15826833972e-17,6.15826833972e-17,6.15826833972e-17,6.15826833972e-17
58,0.00043039289472400006,0.00021519644736200003,0.0,0.0,0.0,0.0,0.00024322087373400002,0.00024322087373400002,0.000648762928421,0.000671459690044,0.00102819648238,0.00225474211064,0.005191279100599878,0.007640583729982718,0.023856311898055,0.03242166990284863,0.04060155576176484,0.04837480291873165,0.03637463581938285,0.030503684789314433,0.034112855422,0.031526936465599995,0.029758475550000003,0.030687006436600002,0.0328645094498,0.0292050941434,0.026341060918799997,0.0303348774989,0.0384352639537,0.051283025162899995,0.0557285319173,0.0392968070155,0.034055215231861134,0.03276400875026066,0.041933922234040584,0.051597252674476145,0.03655087978057847,0.030890886569092533,0.039438555360228306,0.029578440984562117,0.010684196822600002,0.0107607883586,0.00758315877917,0.0041292211464400005,0.0022700320535700004,0.0026102908150100004,0.00317882034323,0.0017001699402000002
59,0.0,0.0,0.0,0.0,0.0,0.0,0.0,0.0005807719198609999,0.00125932751078,0.0024377364051700002,0.008931918003370001,0.0206360135957,0.059793242841300005,0.10300618127399999,0.122703639857,0.16978363859200002,0.156005456707,0.1137531745,0.0855371810107,0.0308128544185,0.0167514994337,0.013105598457899999,0.00569262886921,0.0108111309024,0.00888674825596,0.00799761079794,0.00891993161788,0.00441010665107,0.007917680532629999,0.00720955852418,0.00462047823071,0.0101405452064,0.00899860015841,0.0018450832435499998,0.00113168301974,0.00072097057254,0.0006570642120340001,0.00129227955649,0.00219291973883,0.00145674538259,0.0,0.0,0.0,0.0,0.0,0.0,0.0,0.0
60,0.0,0.0,0.0,0.0,0.0,0.0,0.0,0.0,0.0,0.0,0.0,0.0,0.0,0.0,0.0,0.02173915,0.043478300000000004,0.02223915,0.001,0.05371735,0.0966956,0.04397825,0.001,0.0657174,0.1521739,0.11369565,0.11369565,0.11369565,0.09195655,0.0652174,0.0,0.0,0.0,0.0,0.0,0.0,0.0,0.0,0.0,0.0,0.0,0.0,0.0,0.0,0.0,0.0,0.0,0.0
61,0.0,0.0,0.0,0.0,0.0,0.0,0.0,0.0,0.0,0.0,0.0,0.0,0.0020789469626600002,0.06430241314759999,0.168597544676,0.28180828828000004,0.240328825533,0.10234456614700001,0.0513833823673,0.0189693944022,0.0132563811137,0.00945951508267,0.00995639243409,0.00871729602781,0.0011693376551500001,0.0011693376551500001,0.0,0.006573554255369999,0.006573554255369999,0.000976688408876,0.000976688408876,0.0056789465936599995,0.0056789465936599995,0.0,0.0,0.0,0.0,0.0,0.0,0.0,0.0,0.0,0.0,0.0,0.0,0.0,0.0,0.0
62,0.0,0.0,0.0,0.0,0.0,0.0,0.0,0.0,0.0,0.0,0.0,0.0,0.0,0.0,0.00833335,0.05,0.0875,0.13333335,0.14583335,0.09583335,0.09583335,0.075,0.0208333,0.00466665,0.001,0.0255,0.02916665,0.02916665,0.04483335,0.03233335,0.013000000000000001,0.013000000000000001,0.013000000000000001,0.001,0.00466665,0.00466665,0.01716665,0.01716665,0.01883335,0.01833335,3.4694469519500004e-18,3.4694469519500004e-18,3.4694469519500004e-18,3.4694469519500004e-18,3.4694469519500004e-18,3.4694469519500004e-18,3.4694469519500004e-18,3.4694469519500004e-18
63,0.0,0.0,0.0,0.0,0.0,0.0,0.0,0.0,0.0,0.0,0.0,0.00158985,0.0040195,0.00397455,0.0063143999999999995,0.028616900000000004,0.05087445,0.0500795,0.0437202,0.054054099999999994,0.05396425,0.05096425,0.05025915,0.0373609,0.04689985,0.05325915,0.05087445,0.05166935,0.04054055,0.03138635,0.0299118,0.04224565,0.03618125,0.02346265,0.019077900000000002,0.02146235,0.0294115,0.01589825,0.017872799999999998,0.016283000000000002,0.00715425,0.0111288,0.0071542,0.0012949,0.00288475,0.00288475,0.00288475,0.00238475
64,0.0,0.0,0.0,0.0,0.0,0.0,0.0,0.0,0.0,0.0,0.0,0.0,0.00408999669707,0.006615559050149999,0.0076502819461999995,0.0112596641275,0.012269889068700001,0.024539828648700003,0.0408997649257,0.0408997649257,0.0316359517034,0.0398159450975,0.0347648203914,0.016359885765799997,0.048118579799499996,0.06652351442509999,0.04498976162280001,0.018909996584900002,0.025044991630500002,0.0265848775085,0.012269939579999998,0.0286298253457,0.055337394673300004,0.0562985731937,0.0398159450975,0.020954994933499997,0.0010102249412299999,0.0863946895303,0.09815951663969999,0.0388548170884,0.032719771531599995,0.0102248907202,0.00449413718481,0.0008082809754790001,0.0008082809754790001,0.0008082809754790001,0.0008082809754790001,0.010629081719200002
65,0.0,0.0,0.0,0.0,0.0,0.0,0.0,0.0,0.0,0.0,0.0,0.00420166393616,0.004705865625310001,0.00100840337829,0.004705865625310001,0.004705865625310001,0.017310907854,0.050420168914599994,0.0588235472071,0.0588235472071,0.0420168410423,0.044705899911000005,0.04050418555469999,0.004705865625310001,0.0299159500826,0.0299159500826,0.0383193283751,0.0383193283751,0.034117664438999995,0.034117664438999995,0.00100840337829,0.0215126222103,0.09159665700160001,0.11260502710300001,0.0425209923113,0.004705865625310001,0.004705865625310001,0.004705865625310001,0.037815126686,0.054621883271,0.025210084457299997,0.012605042228700002,0.016806756585,0.00890757998164,0.004705865625310001,0.004705865625310001,0.00100840337829,0.00890757998164
66,0.00250973428616,0.0024559927297600004,0.0024022511733699996,0.0024022511733699996,0.0024022511733699996,0.0024022511733699996,0.00272201503508,0.00335294292861,0.0043933807413,0.00565039746658,0.006447923984779999,0.0111041006566,0.0104455129041,0.0121337755473,0.028765355196500003,0.0465823593757,0.0632404655498,0.0755535986129,0.0770169682239,0.0662875688656,0.06989412646689999,0.06891849135219999,0.056685997143199995,0.0504350946758,0.0369776918746,0.0299410915956,0.0276311558708,0.0247900251608,0.0231055958392,0.0223323807153,0.014987188797799998,0.0160176797892,0.0196800719875,0.0121732360922,0.00896083761108,0.010925922008499999,0.00742804540168,0.005122271240060001,0.0111913218557,0.00836164907926,0.00685144399508,0.00868840608827,0.00766657947432,0.00654306000951,0.00401495970507,0.00398292162349,0.004210828874280001,0.004210828874280001
67,0.03984529303269999,0.03984529303269999,0.03984529303269999,0.03984529303269999,0.03984529303269999,0.03984529303269999,0.034238937353,0.0286325816733,0.0286325816733,0.0286325816733,0.0286325816733,0.0286325816733,0.024901149125,0.021169716576700002,0.0130493677147,0.00492901885277,0.00744871979022,0.009968420727670001,0.013581082335299999,0.017193743943000002,0.0151039114204,0.0130140788979,0.0130140788979,0.0130140788979,0.0130140788979,0.0130140788979,0.0130140788979,0.0130140788979,0.0130140788979,0.0130140788979,0.0130140788979,0.0130140788979,0.0115223198541,0.010030560810299998,0.010030560810299998,0.010030560810299998,0.016862743774500002,0.023694926738700002,0.023694976371400004,0.023695026004,0.023694976371400004,0.023694926738700002,0.0208967866132,0.018098646487799998,0.021625046543,0.025151446598299997,0.025151446598299997,0.025151446598299997
68,0.021785543381500003,0.021785543381500003,0.0166323264331,0.0114791094846,0.0114791094846,0.0114791094846,0.014630972659200001,0.017782835833799998,0.017782835833799998,0.017782835833799998,0.0334158490716,0.04904886230930001,0.0397222036264,0.0303955449436,0.0239041746319,0.017412804320200002,0.026067138256000003,0.0347214721918,0.0347214721918,0.0347214721918,0.0347214721918,0.0347214721918,0.0347214721918,0.0347214721918,0.0265701173023,0.0184187624127,0.0184187624127,0.0184187624127,0.0184187624127,0.0184187624127,0.0184187624127,0.0184187624127,0.0137697642301,0.00912076604755,0.0141571518185,0.0191935375895,0.0191935375895,0.0191935375895,0.0191935375895,0.0191935375895,0.015283759425,0.0113739812604,0.0113739812604,0.0113739812604,0.0113739812604,0.0113739812604,0.00835546232864,0.0053369433968800005
69,0.016856599999999996,0.016856599999999996,0.02076565,0.0246747,0.0246747,0.0246747,0.0246747,0.0246747,0.0246747,0.0246747,0.0246747,0.0246747,0.02693635,0.029198,0.0237517,0.0183054,0.0183054,0.0183054,0.0183054,0.0183054,0.02422625,0.0301471,0.0301471,0.0301471,0.0301471,0.0301471,0.027389499999999997,0.0246319,0.0246319,0.0246319,0.02157785,0.0185238,0.0185238,0.0185238,0.0185238,0.0185238,0.0185238,0.0185238,0.01488675,0.011249700000000001,0.011249700000000001,0.011249700000000001,0.011249700000000001,0.011249700000000001,0.011249700000000001,0.011249700000000001,0.01405315,0.016856599999999996
70,0.0040451473620799995,0.0040451473620799995,0.0040451473620799995,0.0040451473620799995,0.0040451473620799995,0.0040451473620799995,0.00404519732685,0.00404524729161,0.006796607032720001,0.00954796677383,0.0173318275952,0.0251156884165,0.033756195131200005,0.0423967018459,0.039781446124199996,0.0371661904025,0.044135275803500004,0.0511043612045,0.0493634888677,0.04762261653080001,0.044642817884800005,0.0416630192388,0.0416630192388,0.0416630192388,0.035779368389400004,0.02989571754,0.02989571754,0.02989571754,0.027130367664700002,0.024365017789500003,0.024365017789500003,0.024365017789500003,0.024365017789500003,0.024365017789500003,0.0193446581471,0.014324298504700001,0.014324298504700001,0.014324298504700001,0.0123009253874,0.0102775522701,0.008872543082620001,0.0074675338951,0.0050516375851700004,0.0026357412752500003,0.0026357412752500003,0.0026357412752500003,0.0026357412752500003,0.0026357412752500003
71,0.0048792907995500005,0.0043860896718,0.0033996133299000002,0.00279198526752,0.00256328007165,0.00263478745727,0.0030064333379899995,0.00392845702087,0.00540093209172,0.008672232794729999,0.013742359129899998,0.0216284552012,0.022910095236999998,0.0206240459475,0.024190695560400002,0.025604694942,0.0248660440924,0.023576124401599997,0.0217349739139,0.0209285655514,0.021156899314200003,0.0262375539265,0.0316124436499,0.0318489989999,0.0315053047139,0.0313419437167,0.0313589165088,0.0319000755609,0.0329653683116,0.0339676510855,0.0349069759435,0.0363296469372,0.036276183593,0.0350630174054,0.0346496293486,0.0329127799877,0.0298524693227,0.0265732924352,0.0230752488246,0.0200672081122,0.0175491707987,0.019473779107500002,0.021315990832700003,0.018566553681000002,0.0157504352716,0.013144086977600002,0.010747509299600002,0.00838171051321
72,0.007275127967569999,0.0064308563954499996,0.00474231325121,0.00355974903009,0.00288316323146,0.00245025040623,0.00226101055438,0.00239106692702,0.0028404195241599995,0.0038834286597600005,0.00552009483446,0.008935393742959999,0.00994771603859,0.0102976630586,0.0141668441497,0.016805055330499998,0.0182122961005,0.018584856505099997,0.0179227010005,0.0179700108383,0.0187267860186,0.0240320639621,0.0297919184444,0.0310589778567,0.031927151902900006,0.0323478001047,0.032320922461799996,0.0331402993363,0.034805930728,0.0369648584039,0.0396171349287,0.0420649843743,0.042036854186899994,0.0411894097023,0.0417941564161,0.0397674668031,0.035109387420699995,0.0307977161946,0.026832454126,0.023656299106099996,0.0212692506342,0.024167114993699997,0.0267732290956,0.0232468712402,0.0191647040157,0.015896120522100002,0.013441121260100001,0.0109789982137
73,0.014608908699399998,0.013875967312100002,0.012410084537500001,0.0117782436037,0.0119803739625,0.0119803739625,0.0117782436037,0.0122837443699,0.013496876761399998,0.015571750885700002,0.018508437291,0.022400936088,0.019830895746,0.0161931867229,0.0189061245252,0.0198335325444,0.0189754463047,0.0184338429154,0.0182086873528,0.0183950689705,0.018993022792299998,0.023234063805299996,0.0269841419674,0.026909416502400002,0.027143937452500003,0.0277577600974,0.028750833902500002,0.0293376391207,0.029518175251500002,0.0298430898527,0.0303123834246,0.0311066916658,0.0305867780697,0.0289871886033,0.0279472103079,0.026200489493599998,0.023746981630099997,0.021561581623999997,0.019644333505099996,0.0178407554126,0.0161508473463,0.019307240598,0.023058298428199998,0.0219589216214,0.0202606773695,0.018893363822000003,0.017857051527,0.016656398646899998
74,0.0103521328519,0.010160840684599999,0.009778184308620002,0.00891121077486,0.00755992058357,0.0072284520534899996,0.00791680468433,0.00824827321441,0.00822285814402,0.0087710344121,0.00989287355968,0.0113972260012,0.00972717506515,0.00850972560441,0.0113017947907,0.013972695511399999,0.016522427266200002,0.0181478406117,0.0188489005276,0.0193842979696,0.0197540679578,0.025295174660400002,0.0317349850876,0.0328459319907,0.032900648359500004,0.033365123642000005,0.034239306809,0.0346765264659,0.0346767821125,0.035505453687800004,0.0371625416922,0.039284207538,0.039712273947400005,0.0380358053321,0.0364130299991,0.033651090586099996,0.029749941066799998,0.025807831065000002,0.021824760580700004,0.0189645158095,0.017227142777900002,0.019971782773099998,0.022654419221900004,0.0204488993028,0.017899167548,0.0156298595594,0.0136410473784,0.012073014428999999
75,0.00448910729525,0.00435837688664,0.00697458595748,0.00995622196316,0.012353732019700001,0.0133432350318,0.0145643325484,0.018091864505400002,0.0190334054131,0.0187029228673,0.023249427042400003,0.027057714411499997,0.036714224108,0.050650618766700004,0.057133675968300004,0.0625822094365,0.07191532563960001,0.0821135377213,0.0752824818782,0.054673135205699996,0.0559433068251,0.0593243942241,0.051165235084800004,0.0458379244136,0.036331973020800004,0.0298235239409,0.0245754659826,0.0147647117749,0.00759733202668,0.00759733202668,0.00379866601334,9.519563887910001e-18,9.519563887910001e-18,9.519563887910001e-18,9.519563887910001e-18,9.519563887910001e-18,9.519563887910001e-18,9.519563887910001e-18,9.519563887910001e-18,9.519563887910001e-18,9.519563887910001e-18,9.519563887910001e-18,9.519563887910001e-18,9.519563887910001e-18,9.519563887910001e-18,9.519563887910001e-18,9.519563887910001e-18,9.519563887910001e-18
76,0.0487098226015,0.0564326326874,0.06866038280180001,0.07380885781610001,0.0628682264552,0.049353406369400006,0.0442048825729,0.0371256562549,0.036475194194699995,0.0410408192993,0.043682668957,0.046256906464099995,0.0459223580308,0.0419909505088,0.0403923573098,0.0430342069675,0.046894197326199996,0.0402935733236,0.035013679021,0.0367480331255,0.0285844269412,0.0152833217411,0.00647432684689,0.0041575130904600004,0.0026418496577000003,0.00116521199726,0.0009213009202180001,0.0006773898431719999,0.0004972371216660001,0.00036586661556899997,0.00023454489168700003,8.81982454598e-05,0.0,0.0,0.0,0.0,0.0,0.0,0.0,0.0,0.0,0.0,0.0,0.0,0.0,0.0,0.0,0.0
77,0.0004239080008480001,0.00056521100113,0.000847816501696,0.0010244450020499998,0.000953794001908,0.000953794001908,0.00127172550254,0.00307333650615,0.00604069501208,0.0156492860313,0.0307333615615,0.0440864775882,0.050233150100499994,0.045711460091399994,0.0377278510755,0.0293556590587,0.0240568035481,0.024622015049200002,0.027977956556,0.034937120069900005,0.0427087750854,0.0462766710926,0.0448283170897,0.041507701083,0.041331072582699996,0.043485940587,0.0448283175897,0.043662569087300006,0.0408011870816,0.0369506855739,0.0338066975676,0.030980641062,0.027766002555499998,0.0245866895492,0.021831284543699998,0.018510668537,0.0142009325284,0.00943196251886,0.00519287851039,0.00261410250523,0.00116574850233,0.0008478170016960001,0.00052988550106,0.00035325650070699993,0.00031793100063599996,0.00038858250077699995,0.0004239080008480001,0.0004239080008480001
78,0.0007328913828,0.000682267488202,0.0006579556178420001,0.0006619949285939999,0.00059113697735,0.0006167824503069999,0.0008138281094239999,0.00230655094758,0.00492355127865,0.0151500755256,0.03186184719559999,0.047254334870499994,0.054842291627199995,0.0521410213131,0.046955054346199995,0.0389622994476,0.030647452269799997,0.026841792492800002,0.027867412395799998,0.033545422716500004,0.0390445437748,0.0404494313557,0.037938974721199996,0.03532671925519999,0.036528009172800004,0.0401317249139,0.042324321094699996,0.0415719007095,0.0392855838185,0.0360970140155,0.0335400883061,0.030180041811,0.0253852299365,0.0212349231451,0.0191638858161,0.0179492983754,0.0155118923609,0.011517573069899999,0.00718915907639,0.00387836387029,0.00191928115414,0.00135037838731,0.0008199440799380001,0.000559452039764,0.000530434307372,0.000716696136867,0.000886763220468,0.0009124086934260001
79,0.0004239080008480001,0.00056521100113,0.000847816501696,0.0010244450020499998,0.000953794001908,0.000953794001908,0.00127172550254,0.00307333650615,0.00604069501208,0.0156492860313,0.0307333615615,0.0440864775882,0.050233150100499994,0.045711460091399994,0.0377278510755,0.0293556590587,0.0240568035481,0.024622015049200002,0.027977956556,0.034937120069900005,0.0427087750854,0.0462766710926,0.0448283170897,0.041507701083,0.041331072582699996,0.043485940587,0.0448283175897,0.043662569087300006,0.0408011870816,0.0369506855739,0.0338066975676,0.030980641062,0.027766002555499998,0.0245866895492,0.021831284543699998,0.018510668537,0.0142009325284,0.00943196251886,0.00519287851039,0.00261410250523,0.00116574850233,0.0008478170016960001,0.00052988550106,0.00035325650070699993,0.00031793100063599996,0.00038858250077699995,0.0004239080008480001,0.0004239080008480001
80,0.000226782712851,0.000340174569333,0.000680349138666,0.000907131851516,0.000680349138666,0.000453566425815,0.000680349138666,0.002041047416,0.00408209533205,0.0100918472237,0.019389953452299998,0.0316362399485,0.0435423518754,0.047511055850999996,0.0438825264447,0.034811202928999994,0.027894319185799998,0.030275541671199998,0.0398004311127,0.0500056696928,0.05374759045559999,0.0492119286977,0.0428620027367,0.0382129496224,0.037079034058,0.0386665155482,0.0394602560433,0.039233472830400004,0.038779906904599995,0.0379861664095,0.037079034058,0.0348112034291,0.0312960653792,0.025853271269700002,0.0197301280216,0.0146275084815,0.011225762788200002,0.0087311489464,0.00544279410944,0.0026080056982899997,0.001020523708,0.000680349138666,0.000340174569333,0.000226782712851,0.000340174569333,0.00056695778224,0.000680349138666,0.00056695778224
81,0.000226782712851,0.000340174569333,0.000680349138666,0.000907131851516,0.000680349138666,0.000453566425815,0.000680349138666,0.002041047416,0.00408209533205,0.0100918472237,0.019389953452299998,0.0316362399485,0.0435423518754,0.047511055850999996,0.0438825264447,0.034811202928999994,0.027894319185799998,0.030275541671199998,0.0398004311127,0.0500056696928,0.05374759045559999,0.0492119286977,0.0428620027367,0.0382129496224,0.037079034058,0.0386665155482,0.0394602560433,0.039233472830400004,0.038779906904599995,0.0379861664095,0.037079034058,0.0348112034291,0.0312960653792,0.025853271269700002,0.0197301280216,0.0146275084815,0.011225762788200002,0.0087311489464,0.00544279410944,0.0026080056982899997,0.001020523708,0.000680349138666,0.000340174569333,0.000226782712851,0.000340174569333,0.00056695778224,0.000680349138666,0.00056695778224
82,0.000226782712851,0.000340174569333,0.000680349138666,0.000907131851516,0.000680349138666,0.000453566425815,0.000680349138666,0.002041047416,0.00408209533205,0.0100918472237,0.019389953452299998,0.0316362399485,0.0435423518754,0.047511055850999996,0.0438825264447,0.034811202928999994,0.027894319185799998,0.030275541671199998,0.0398004311127,0.0500056696928,0.05374759045559999,0.0492119286977,0.0428620027367,0.0382129496224,0.037079034058,0.0386665155482,0.0394602560433,0.039233472830400004,0.038779906904599995,0.0379861664095,0.037079034058,0.0348112034291,0.0312960653792,0.025853271269700002,0.0197301280216,0.0146275084815,0.011225762788200002,0.0087311489464,0.00544279410944,0.0026080056982899997,0.001020523708,0.000680349138666,0.000340174569333,0.000226782712851,0.000340174569333,0.00056695778224,0.000680349138666,0.00056695778224
83,0.000226782712851,0.000340174569333,0.000680349138666,0.000907131851516,0.000680349138666,0.000453566425815,0.000680349138666,0.002041047416,0.00408209533205,0.0100918472237,0.019389953452299998,0.0316362399485,0.0435423518754,0.047511055850999996,0.0438825264447,0.034811202928999994,0.027894319185799998,0.030275541671199998,0.0398004311127,0.0500056696928,0.05374759045559999,0.0492119286977,0.0428620027367,0.0382129496224,0.037079034058,0.0386665155482,0.0394602560433,0.039233472830400004,0.038779906904599995,0.0379861664095,0.037079034058,0.0348112034291,0.0312960653792,0.025853271269700002,0.0197301280216,0.0146275084815,0.011225762788200002,0.0087311489464,0.00544279410944,0.0026080056982899997,0.001020523708,0.000680349138666,0.000340174569333,0.000226782712851,0.000340174569333,0.00056695778224,0.000680349138666,0.00056695778224
84,0.0004239080008480001,0.00056521100113,0.000847816501696,0.0010244450020499998,0.000953794001908,0.000953794001908,0.00127172550254,0.00307333650615,0.00604069501208,0.0156492860313,0.0307333615615,0.0440864775882,0.050233150100499994,0.045711460091399994,0.0377278510755,0.0293556590587,0.0240568035481,0.024622015049200002,0.027977956556,0.034937120069900005,0.0427087750854,0.0462766710926,0.0448283170897,0.041507701083,0.041331072582699996,0.043485940587,0.0448283175897,0.043662569087300006,0.0408011870816,0.0369506855739,0.0338066975676,0.030980641062,0.027766002555499998,0.0245866895492,0.021831284543699998,0.018510668537,0.0142009325284,0.00943196251886,0.00519287851039,0.00261410250523,0.00116574850233,0.0008478170016960001,0.00052988550106,0.00035325650070699993,0.00031793100063599996,0.00038858250077699995,0.0004239080008480001,0.0004239080008480001
85,0.0007328913828,0.000682267488202,0.0006579556178420001,0.0006619949285939999,0.00059113697735,0.0006167824503069999,0.0008138281094239999,0.00230655094758,0.00492355127865,0.0151500755256,0.03186184719559999,0.047254334870499994,0.054842291627199995,0.0521410213131,0.046955054346199995,0.0389622994476,0.030647452269799997,0.026841792492800002,0.027867412395799998,0.033545422716500004,0.0390445437748,0.0404494313557,0.037938974721199996,0.03532671925519999,0.036528009172800004,0.0401317249139,0.042324321094699996,0.0415719007095,0.0392855838185,0.0360970140155,0.0335400883061,0.030180041811,0.0253852299365,0.0212349231451,0.0191638858161,0.0179492983754,0.0155118923609,0.011517573069899999,0.00718915907639,0.00387836387029,0.00191928115414,0.00135037838731,0.0008199440799380001,0.000559452039764,0.000530434307372,0.000716696136867,0.000886763220468,0.0009124086934260001
86,0.00454635049978,0.00335573066469,0.00172817762146,0.0009060918643849999,0.00034761851312,0.00017969752339900001,0.000684720097974,0.0022259949322899998,0.00536571655174,0.0100702500333,0.0133556573239,0.0145358364185,0.015037072157100002,0.01754325085,0.021051901019900003,0.022054372497099996,0.0230720700123,0.0263559625684,0.0307225228162,0.0329522233843,0.0297839543846,0.0272777756917,0.028069201359900004,0.0282549623321,0.028338669702900002,0.029458760657200003,0.030928786335,0.0301214429234,0.0286017071913,0.0306093773692,0.032975332858,0.0344790400737,0.0356398814936,0.0356398814936,0.0357388159049,0.0327393530772,0.027575917225099996,0.0244314774737,0.023429005996500003,0.0234931701859,0.023139780945700003,0.0223252778829,0.0218155081046,0.021753591456299997,0.020593097894099997,0.0179144800725,0.01601421118,0.0127663213845
87,0.011265475825200003,0.00807634106013,0.0036449554554999998,0.0018118167318699999,0.000982195547208,0.000425524237581,0.00016063021748500002,0.00170464868976,0.0049244018209700004,0.00860683610614,0.013067888376899999,0.017218109802,0.018087043017200002,0.0187773685117,0.0219421551999,0.025241136105,0.025740639224999997,0.023953050730099998,0.023350984632799998,0.0232877477259,0.025323217976099998,0.0280212619875,0.027532847827499998,0.0271547476347,0.027766387393099997,0.027855972050099997,0.0280998634846,0.027659795987,0.027076818545300002,0.0280796636766,0.0293028875355,0.0288014649698,0.0280796636766,0.0288130829307,0.0292346313887,0.0286891423037,0.028446472836000002,0.026781069989,0.026352389797799997,0.025558529569099996,0.0248752355233,0.026473524965499998,0.0264547311463,0.026334110939599996,0.0267886530025,0.0233240276542,0.019813814972,0.019037041218599997
88,0.0004239080008480001,0.00056521100113,0.000847816501696,0.0010244450020499998,0.000953794001908,0.000953794001908,0.00127172550254,0.00307333650615,0.00604069501208,0.0156492860313,0.0307333615615,0.0440864775882,0.050233150100499994,0.045711460091399994,0.0377278510755,0.0293556590587,0.0240568035481,0.024622015049200002,0.027977956556,0.034937120069900005,0.0427087750854,0.0462766710926,0.0448283170897,0.041507701083,0.041331072582699996,0.043485940587,0.0448283175897,0.043662569087300006,0.0408011870816,0.0369506855739,0.0338066975676,0.030980641062,0.027766002555499998,0.0245866895492,0.021831284543699998,0.018510668537,0.0142009325284,0.00943196251886,0.00519287851039,0.00261410250523,0.00116574850233,0.0008478170016960001,0.00052988550106,0.00035325650070699993,0.00031793100063599996,0.00038858250077699995,0.0004239080008480001,0.0004239080008480001
89,0.0007328913828,0.000682267488202,0.0006579556178420001,0.0006619949285939999,0.00059113697735,0.0006167824503069999,0.0008138281094239999,0.00230655094758,0.00492355127865,0.0151500755256,0.03186184719559999,0.047254334870499994,0.054842291627199995,0.0521410213131,0.046955054346199995,0.0389622994476,0.030647452269799997,0.026841792492800002,0.027867412395799998,0.033545422716500004,0.0390445437748,0.0404494313557,0.037938974721199996,0.03532671925519999,0.036528009172800004,0.0401317249139,0.042324321094699996,0.0415719007095,0.0392855838185,0.0360970140155,0.0335400883061,0.030180041811,0.0253852299365,0.0212349231451,0.0191638858161,0.0179492983754,0.0155118923609,0.011517573069899999,0.00718915907639,0.00387836387029,0.00191928115414,0.00135037838731,0.0008199440799380001,0.000559452039764,0.000530434307372,0.000716696136867,0.000886763220468,0.0009124086934260001
90,0.0,0.0,0.0,0.0,0.0,0.0,0.0,0.0,0.0,0.0,0.0,0.0,0.5,0.5,0.0,0.0,0.0,0.0,0.0,0.0,0.0,0.0,0.0,0.0,0.0,0.0,0.0,0.0,0.0,0.0,0.0,0.0,0.0,0.0,0.0,0.0,0.0,0.0,0.0,0.0,0.0,0.0,0.0,0.0,0.0,0.0,0.0,0.0
91,0.0,0.0,0.0,0.0,0.0,0.0,0.0,0.0,0.0,0.0,0.0,0.0020003349960000002,0.0090516099819,0.015865354968299997,0.0423076499154,0.117121784766,0.164717959671,0.16923076466200002,0.17099356965799997,0.132211529736,0.07205061035589999,0.0276924834446,0.011001826978,0.011001764478,0.006000942487999999,0.0040006389919999994,0.005000821989999999,0.0030004869939999996,0.002000303996,0.002000303996,0.0040006389919999994,0.0040006389919999994,0.0030004869939999996,0.0030004869939999996,0.0030004869939999996,0.0030004869939999996,0.0019363024961300001,0.0019363024961300001,0.0030004869939999996,0.00293648549413,0.0019363024961300001,0.001000151998,2.0599841235999995e-17,2.0599841235999995e-17,2.0599841235999995e-17,2.0599841235999995e-17,2.0599841235999995e-17,2.0599841235999995e-17
92,0.0,0.0,0.0,0.0,0.0,0.0,0.0,0.00020392110537599997,0.00020392110537599997,0.000338353687011,0.00162677043691,0.0047066776543,0.0115276916419,0.019099634784099997,0.0340865954035,0.0753815092562,0.135573431354,0.20607860739199999,0.174809108836,0.09358690913349998,0.0718455372469,0.0430875505504,0.021373121817400004,0.0108555557039,0.0024086208382199997,0.00852197923489,0.0182579376782,0.011225531861,0.00963650611217,0.0125025402485,0.00747242338563,0.00660648013859,0.006473652279319999,0.0033700113530700003,0.0016278762119899999,0.0020769961970799997,0.00265590990253,0.00235774169984,0.00042089575062800004,0.0,0.0,0.0,0.0,0.0,0.0,0.0,0.0,0.0
93,0.0,0.0,0.0,0.0,0.0,0.0,0.0,0.0,0.0,0.0,0.0,0.00352566500353,0.00976538400977,0.014039356014,0.0374383150374,0.103641830104,0.145759995146,0.14975340565,0.151313323651,0.11699484361700001,0.0836729270837,0.0488090345488,0.0193911305194,0.0193910200194,0.010576884510600001,0.00705127500705,0.00881413500881,0.005288470005289999,0.0035256100035300003,0.0035256100035300003,0.00705127500705,0.00705127500705,0.005288470005289999,0.005288470005289999,0.005288470005289999,0.005288470005289999,0.00341280500341,0.00341280500341,0.005288470005289999,0.005175665005180001,0.00341280500341,0.00176280500176,0.0,0.0,0.0,0.0,0.0,0.0
94,0.0,0.0,0.0,0.0,0.0,0.0,0.0,0.00121722126017,0.00121722126017,0.0013084057588,0.0034609366932399997,0.0111437735172,0.018980065544499998,0.04309893968280001,0.0647882084301,0.0991400003216,0.124481117281,0.18062449536,0.174363464379,0.0743727915717,0.0370317375876,0.0211165425749,0.011895590840100001,0.0118241656375,0.010705397144799999,0.00947424294022,0.0145249353011,0.013752679639700002,0.0158404500472,0.0152525585941,0.005752956353689999,0.00539071656463,0.005051488768649999,0.0035278433295900004,0.00403295029026,0.0028247410128,0.00209052011011,0.00125282487934,0.0017569845339100003,0.0006520819197439999,0.0,0.0,0.0,0.00158192572171,0.00158192572171,0.0,0.00244404971308,0.00244404971308
95,0.0,0.0,0.0,0.0,0.0,0.0,0.0,0.0,0.0015006197622,0.0032671137046,0.00950011292867,0.0138680028068,0.0260184829995,0.08575598740019999,0.12820471063799999,0.16983778636,0.187185142892,0.152061031776,0.0987884386651,0.0447043273116,0.0333039598156,0.0176998294656,0.00815222989123,0.00723390729308,0.00219955730476,0.00117705174323,0.00075178296464,0.000546595186622,0.00381677104913,0.0032701758625100002,0.000220127396904,0.000220127396904,0.000135686072768,0.00035806369177099996,0.000222377619003,4.632253781939999e-17,4.632253781939999e-17,4.632253781939999e-17,4.632253781939999e-17,4.632253781939999e-17,4.632253781939999e-17,4.632253781939999e-17,4.632253781939999e-17,4.632253781939999e-17,4.632253781939999e-17,4.632253781939999e-17,4.632253781939999e-17,4.632253781939999e-17
96,0.0,0.0,0.0,0.0,0.0,0.0,0.00291737553637,0.00291737553637,0.00286155450972,0.00523449192556,0.0043615642645299995,0.0165862026358,0.027745580500599998,0.0577437114395,0.0978884958679,0.148872103419,0.17947857257199998,0.163842714591,0.10822502962899999,0.041902147982,0.0266564601119,0.0181964117534,0.0118214396556,0.008812519855030001,0.00276482765719,0.00624282164347,0.00857535262631,0.0102514594091,0.0117768938105,0.00699434134596,0.00361033310016,0.0080251548412,0.00717350131697,0.0006774208963339999,0.00236445883446,0.0026207139689099998,0.000698151249768,0.0,0.00108040875729,0.00108040875729,0.0,0.0,0.0,0.0,0.0,0.0,0.0,0.0
97,0.0,0.0,0.0,0.0,0.0,0.0,0.0,0.0,0.0,0.0009636040271980001,0.00122891342668,0.00444088264345,0.0199486772656,0.041404391113,0.060463519791199995,0.114354935719,0.170875248443,0.158388224129,0.143072531244,0.11415516444599999,0.0408714281634,0.010338834027299999,0.014144735628,0.0100571511064,0.007433551169930001,0.0083080844821,0.009258683077879998,0.007509616453550001,0.00480995123344,0.00830812051515,0.00918265382732,0.00480995123344,0.00341068001753,0.004154033483010001,0.00373864690009,0.00456945309624,0.00415403298255,0.00332322678641,0.00290784070395,0.0007585449023680001,0.0006862485764530001,0.0007223667118630001,0.0007584848472719999,0.0017566515829000003,0.0017566515829000003,0.000838391154717,0.000838391154717,0.00129750235136
98,0.00583946270552,0.00391827148709,0.0019970802686500003,0.0024584058107,0.00145986567638,6.495716297689999e-19,6.495716297689999e-19,6.495716297689999e-19,6.495716297689999e-19,6.495716297689999e-19,6.495716297689999e-19,6.495716297689999e-19,0.00145986567638,0.0024584058107,0.011217500015,0.0132119840793,0.010254358128399999,0.0174802938104,0.06569340624009999,0.0890511072812,0.0510948992573,0.0416846570314,0.0402569443474,0.0452875895441,0.0525547150067,0.0381459805764,0.029217034695299997,0.0348630801768,0.0437920260579,0.037956208023900005,0.030656929569000003,0.0335766109947,0.042335755126,0.0335766609217,0.0160883787902,0.0131686474374,0.0169810237433,0.028659849300299998,0.0525547150067,0.042335755126,0.0102190098077,0.00875914413128,0.011678825556999999,0.00683795291284,0.0024584058107,0.00291973135276,0.00291973135276,0.00291973135276
99,0.005461483849010001,0.0036646480520900002,0.00186781225517,0.0022992773395,0.0013653712119100002,0.0,0.0,0.0,0.0,0.0,0.0,0.0,0.00175200459187,0.00295036614582,0.0134622738609,0.015855881228700002,0.012306394224,0.020978337609200003,0.07883954753530001,0.106871441251,0.056680118759399996,0.038986480183300004,0.037651180856,0.04235620097130001,0.049152937711199995,0.0356768562286,0.0273258655246,0.0326064522032,0.04095744290719999,0.0354993673982,0.0286725587738,0.0314032542617,0.0395954340981,0.03140330119759999,0.0150470056546,0.012316263230700002,0.015881870694899998,0.0268047460193,0.049152937711199995,0.0395954335988,0.009557550548920001,0.00819217933701,0.010922874825,0.00639534354009,0.0022992773395,0.0027307424238200003,0.0027307424238200003,0.0027307424238200003
100,0.0,0.0,0.0,0.0,0.0,0.0,0.0,0.0,0.0,0.0,0.0,0.0,0.0,0.0,0.0221293429107,0.0607727065646,0.0687945953751,0.0687945953751,0.07183737801989999,0.07745270018730001,0.0759015005288,0.05079542469909999,0.0328330514297,0.0285100179471,0.031246082169,0.0355691156517,0.0429839239608,0.0457199881828,0.0383051798736,0.0363215186853,0.029344504958000003,0.021273223873900002,0.013023929055200001,0.0148706385523,0.035377335353099996,0.028400321124400003,0.00984991131769,0.00588258843965,0.009754180102100002,0.008208272884789999,0.0039263014455100005,0.0039263014455100005,0.00547216855338,0.00547216855338,0.0023803942281999998,0.0023803942281999998,0.00547216855338,0.00701807577069
101,0.0,0.0,0.0,0.0,0.0,0.0,0.0,0.0,0.0,0.0,0.0,0.0016240830153499998,0.0017346867132600001,0.0048911494915,0.00674352572828,0.0122730182456,0.036393640033999995,0.0647756419898,0.107370395904,0.11271363874700001,0.072657260324,0.061012376212,0.05118807787600001,0.0465778128687,0.058201910910199994,0.040788207206300005,0.036153753164400004,0.046433709862199996,0.0468387951692,0.0605275643183,0.0458227673263,0.0234210254094,0.0172407417943,0.0107114996821,0.006169529659399999,0.00333384412168,0.00562801642933,0.0031341151743899997,0.00402797513414,0.003953389822139999,0.00279225723438,0.0037139154330700004,0.0009216581986880001,0.000115008400313,0.000115008400313,9.242823520439999e-18,9.242823520439999e-18,9.242823520439999e-18
102,0.0,0.0,0.0,0.0,0.0,0.0,0.0,0.0,0.0,0.0,0.0,0.00382654312758,0.0044815176647600005,0.0013099490743499998,0.00611307384784,0.00611307384784,0.022487437277299998,0.06549745371770001,0.0764137178365,0.0764137178365,0.051318123081,0.0407145967081,0.036888007732300006,0.004285730156969999,0.0272450806189,0.0272450806189,0.0348982127223,0.0348982127223,0.0310716695947,0.0310716695947,0.000918374058783,0.0195919943637,0.08341898893,0.102551750416,0.0387247558498,0.004285730156969999,0.004285730156969999,0.004285730156969999,0.0344390256929,0.0497452898996,0.0229593504619,0.011479675231,0.015306264206799999,0.008112319132770001,0.004285730156969999,0.004285730156969999,0.000918374058783,0.008112319132770001
103,0.0,0.0,0.0,0.0,0.0,0.0,0.0,0.0,0.0,0.0,0.0,0.0,0.00629775283617,0.0101245293576,0.017685490769099997,0.025544664088599997,0.0338852758434,0.0469380597045,0.04818651123380001,0.04780674150780001,0.0570728619228,0.044921508006,0.041532170550599996,0.0411808006646,0.022472018819900002,0.0243179812405,0.0417588257327,0.049078374916000006,0.026125569906000002,0.0158829841802,0.0236522292026,0.023330699531299997,0.020143476535,0.0416368287168,0.0476063935459,0.06360140082690001,0.070007507885,0.0505581560508,0.0345779058159,0.0104757633592,0.004786772642729999,0.0011176492042,0.00101372481376,0.00028834670046300003,0.0031955119447600005,0.0031955119447600005,0.0,0.0
104,0.0,0.0,0.0,0.0,0.0,0.0,0.0,0.0,0.0,0.0,0.0,0.0,0.00694317835649,0.0112305729846,0.012987118563700002,0.0191144057225,0.0208293635737,0.041658812895300004,0.0694314405734,0.0694314405734,0.0426296924,0.0342623056068,0.0299157257657,0.0140779629009,0.041406865411,0.057244628275699996,0.0387144638016,0.016272377571399998,0.0215516463191,0.022876744315200002,0.010558494117100001,0.024636457522400002,0.047618780191299996,0.04844589074419999,0.0342623056068,0.0180321336525,0.000869316169984,0.0743441164,0.08446795243210001,0.0334352384323,0.0281559263062,0.00879869465761,0.00386728241206,0.0006955394909189999,0.0006955394909189999,0.0006955394909189999,0.0006955394909189999,0.00914650778142
105,0.00851233528550011,0.008168320831020778,0.007024274456022541,0.006224242535503636,0.006224242535503636,0.005428657749152874,0.007461628416040182,0.010290183869255159,0.013113406231290266,0.020164350769739114,0.025290773415362136,0.04247722598560724,0.028294690548182,0.027481997962160932,0.05519432432155861,0.06921257846962518,0.0757679665879852,0.07696821759083462,0.075159241471188,0.055224237888365425,0.027323626995000003,0.017045779485500002,0.017948535545599997,0.0161977152893,0.0110704380644,0.00733812664671,0.00733812664671,0.00733812664671,0.011250335007400001,0.0146867574567,0.0143488493311,0.0170634964341,0.019438922144699975,0.01288354709045192,0.004253963649869558,0.008555575520969316,0.010493988074043295,0.005089346289856898,0.0031509337367916536,0.005335703727357384,0.008423287929500502,0.0131588774553277,0.02552006742213013,0.022790258009879848,0.013713114130243195,0.01621413207910479,0.020480116380272823,0.017865355890523307
106,0.00851233528550011,0.008168320831020778,0.007024274456022541,0.006224242535503636,0.006224242535503636,0.005428657749152874,0.007461628416040182,0.010290183869255159,0.013113406231290266,0.020164350769739114,0.025290773415362136,0.04247722598560724,0.028294690548182,0.027481997962160932,0.05519432432155861,0.06921257846962518,0.0757679665879852,0.07696821759083462,0.075159241471188,0.055224237888365425,0.027323626995000003,0.017045779485500002,0.017948535545599997,0.0161977152893,0.0110704380644,0.00733812664671,0.00733812664671,0.00733812664671,0.011250335007400001,0.0146867574567,0.0143488493311,0.0170634964341,0.019438922144699975,0.01288354709045192,0.004253963649869558,0.008555575520969316,0.010493988074043295,0.005089346289856898,0.0031509337367916536,0.005335703727357384,0.008423287929500502,0.0131588774553277,0.02552006742213013,0.022790258009879848,0.013713114130243195,0.01621413207910479,0.020480116380272823,0.017865355890523307
107,0.0,0.0,0.0,0.0,0.0,0.0,0.001363949476235014,0.002946263864904137,0.0071477584700492735,0.012011073333169992,0.023312295086654996,0.033482405394837024,0.042674057790163214,0.07399097818354035,0.09168270345048911,0.11483934898732812,0.11780127874724808,0.10917689573866071,0.08501703812712703,0.04959226129514339,0.0336869160227,0.024141165622400002,0.017429248473599997,0.012158634286200001,0.014669341278600001,0.0161670061545,0.0170028109973,0.0186675042331,0.015909907938299998,0.015243123835,0.013277370024700003,0.009069074407610001,0.004256204425041709,0.005571421714266942,0.004955606932409778,0.0027301425609292268,0.0024962963361431973,0.0019983178373021862,0.0019425561912020763,0.001351192018754884,0.000385758453678772,0.0007530374982550421,0.0007081796632502973,0.00010426449807007687,0.00014330532549705868,0.00014330532549705868,6.52422719792176e-17,6.52422719792176e-17
108,0.0,0.0,0.0,0.0,0.0,0.0,0.008049826225744728,0.008858830496881276,0.0008090042711140272,0.0024093307704922007,0.010223523450988335,0.02400751422973718,0.019918740953106338,0.06110903434409388,0.11104959208320384,0.13917819983612145,0.15245682626293555,0.15057271831835273,0.09463359142996164,0.041282796161324575,0.0335691124318,0.0179591604838,0.011001447537,0.0138207143717,0.0176939032448,0.021035602976900002,0.0115998296939,0.00976150700658,0.00908863081618,0.00466337658346,0.00719216000587,0.007522306786869999,0.004427523944947685,0.003027653560935187,0.0006957223671217032,0.000395609402818235,0.00040131376750404733,0.0004167355312104161,0.0005527550048499744,0.00044623219473975245,0.00016917345312644183,2.5943088675422637e-18,2.5943088675422637e-18,2.5943088675422637e-18,2.5943088675422637e-18,2.5943088675422637e-18,2.5943088675422637e-18,2.5943088675422637e-18
109,0.029627459813966396,0.018768980895612183,0.007910501977302246,0.018768980895612183,0.014813729907038558,0.0,0.0,0.0,0.0,0.0,0.0,0.0,0.00226465352390669,0.0028693141145194395,0.01419251990327361,0.01811714575018744,0.006793939961446788,0.0028693141145194395,0.005786053114451101,0.009710678961405492,0.009600511549870001,0.0337138855759,0.04228715696719999,0.0255094120365,0.0249047189817,0.0213149933338,0.0262759051658,0.027385192935700003,0.0188345544396,0.0389401291444,0.04706707118430001,0.02310983939,0.008920120119085256,0.02037958308730131,0.02909992508062483,0.011942937930598708,0.01971578203923468,0.0362089681410993,0.02951032219620296,0.02951032219620296,0.028941290483155493,0.012144967512067586,0.008661276717791285,0.02055032156597087,0.0486589039132672,0.0857692952244081,0.06954975772525812,0.04899958242975977
110,0.029627459813966396,0.018768980895612183,0.007910501977302246,0.018768980895612183,0.014813729907038558,0.0,0.0,0.0,0.0,0.0,0.0,0.0,0.00226465352390669,0.0028693141145194395,0.01419251990327361,0.01811714575018744,0.006793939961446788,0.0028693141145194395,0.005786053114451101,0.009710678961405492,0.009600511549870001,0.0337138855759,0.04228715696719999,0.0255094120365,0.0249047189817,0.0213149933338,0.0262759051658,0.027385192935700003,0.0188345544396,0.0389401291444,0.04706707118430001,0.02310983939,0.008920120119085256,0.02037958308730131,0.02909992508062483,0.011942937930598708,0.01971578203923468,0.0362089681410993,0.02951032219620296,0.02951032219620296,0.028941290483155493,0.012144967512067586,0.008661276717791285,0.02055032156597087,0.0486589039132672,0.0857692952244081,0.06954975772525812,0.04899958242975977
111,0.0,0.0,0.0,0.0,0.0,0.0,0.0,0.0,0.00033383256436965816,0.00033383256436965816,0.0010791402613137572,0.0014998967139307844,0.0028591537343029844,0.008883083857021605,0.017303832819823655,0.014578781952015979,0.017208739083851378,0.0319872501140319,0.049481553896894376,0.04741594568112812,0.0577528947661,0.0646426895989,0.0541038480679,0.0502558174922,0.0483155908854,0.0448468453572,0.054039398573900006,0.0618255181111,0.0451325999317,0.0326628866401,0.0417444365099,0.0351912182532,0.020110987996950352,0.019581613893087692,0.019762613761598245,0.021032997117877567,0.021094335026793774,0.01989420908460243,0.014184799743245526,0.010381588412744404,0.01963772960314524,0.019036734634607786,0.015227686787799967,0.011102484145112331,0.0019216166934171957,0.0011428313537315356,0.001155258883960088,0.001253725430821002
112,0.0008468246060123017,0.00042341230300615084,0.0,0.0,0.0,0.0,0.0,0.0,2.134548256614594e-05,4.247335234823044e-05,0.0009083973661197283,0.001448648304536856,0.005298810202484371,0.010517741046076601,0.023099804679055706,0.03514508905938015,0.05243699225593545,0.04962089358616178,0.031070137034108197,0.02662347207265775,0.0335984310525,0.035783440665,0.0309330239549,0.033318514864599996,0.0249615242615,0.0171862453308,0.023153629599599997,0.024550819739900004,0.0366389847531,0.056342140684,0.0556758039972,0.042785103329,0.04409766129713871,0.043651085372679456,0.038452140574631026,0.035654954013429406,0.027621253391228336,0.0250187581265808,0.02056250282477163,0.016865741383340627,0.024240517556681766,0.02327501237844395,0.019349332154367835,0.012338372849165778,0.0061341002490719445,0.006220224394375471,0.003709081670894777,0.00037755818061865697
113,0.0,0.0,0.0,0.0,0.0,0.0,0.0,0.0,0.0,0.0,0.0,0.0,0.0,0.0,0.004491406335777104,0.0052226312369889494,0.007321272153644214,0.01354119778498157,0.027082419203319084,0.027082419203319084,0.0186542116492,0.015215136121700001,0.0119458210956,0.0179187326433,0.04778332188230001,0.0424554863396,0.0125908971007,0.0118142260945,0.00842161606737,0.00516060104128,0.0145261226162,0.023891644191099997,0.021454654029689244,0.014128958995702084,0.008524741084442582,0.023995548419283124,0.05919958649895713,0.08843630611054655,0.05429786018141413,0.053871622351165147,0.07155146255059489,0.04697342505410142,0.03683617216620799,0.03683617216620799,0.06340132219871449,0.03683617216620799,0.03683617216620799,0.03170066109935724
114,0.0,0.0,0.0,0.0,0.0,0.0,0.0,0.0,0.0004801732920053055,0.0008858062521349584,0.001684806094465194,0.005006401785783742,0.0061022637938819525,0.008152591081858474,0.011564319518894209,0.016709390130453566,0.02267479462292144,0.02471843326688427,0.028982164951296716,0.02507227092171937,0.023281668843900004,0.028336910001699998,0.0330223929001,0.029134908216,0.0255035121448,0.0244139592934,0.0224487822774,0.0205917996917,0.0135333717097,0.0195386756513,0.027010810575200002,0.024965319407000003,0.03521130919982978,0.03920382319228996,0.05151616134313644,0.05383572364927174,0.06190004566048028,0.07667839231880591,0.07975087836199198,0.06375335194959389,0.04280605896547549,0.018844317310775904,0.01312297365933135,0.011309203268928831,0.0014933596449420473,0.0017291095047451699,0.002951763046778977,0.0020780024989730216
115,0.00572438377114,0.0047302682090500005,0.00393452168659,0.00396172594165,0.00367720892438,0.00367720892438,0.00515534522394,0.00632175974976,0.00711750777644,0.010498862905899999,0.0158707150109,0.0301941468997,0.02766941620981132,0.03329956968791724,0.06452184415152862,0.08876913335558757,0.10131656382806573,0.10222854800062973,0.07872396323864796,0.04170890559011181,0.026708608739299998,0.023868298689799998,0.021912521034499997,0.0216776476712,0.020281991066900002,0.0204029862232,0.0217986428275,0.0196414245227,0.019868534123700002,0.0197553027297,0.0165757678137,0.0137365743941,0.024464468623482623,0.003516591112069569,0.0031549894897888475,0.0023334712116622083,0.0015776809932378894,0.00193909729378665,0.002464929184286163,0.0016761813485350464,0.0045701458771099995,0.0101187835219,0.00906631038024,0.00729318721583,0.008306811963270001,0.012307886701799999,0.0120537588671,0.009825807293
116,0.00410959348725,0.00410959348725,0.00717020504685,0.00819040906683,0.0051297975072200006,0.00410959348725,0.00410959348725,0.00410959348725,0.00717020504685,0.0102308166064,0.0143116351881,0.022473269849600002,0.014138189312445459,0.016939541841896086,0.0447275958530342,0.09067751407748169,0.13295413041595405,0.1238892289663198,0.09418496236931216,0.05452121949115653,0.023238717063000004,0.0322298456306,0.028268992453000002,0.0140592609883,0.016353438669100002,0.0133845029352,0.0160167340974,0.0161651802086,0.0141267359931,0.0173385855467,0.015300815785999998,0.013451978440300001,0.022727286681835726,0.005553764620260314,0.005287386237438412,0.003524923165427827,0.0015666315250942153,0.002937435971182911,0.00274160740287179,0.0008385495758638008,0.004126066596619999,0.00850888534548,0.00990733995558,0.00990733995558,0.00893432826184,0.00990733995558,0.009525085665379998,0.0068145531972
117,0.00552142932726,0.0034508229230100006,0.000690108259379,0.0,0.0,0.0,0.0,0.0,0.000690108259379,0.0013802165187599999,0.0037958770526999998,0.007936948547029999,0.003989595940818881,0.001959008481017572,0.002837173161632404,0.005201470903691333,0.0064849523147007355,0.006957814610016172,0.0088446608467573,0.010465899078035603,0.028902987569999997,0.0412311507334,0.0398665143526,0.036768768395800004,0.0394624415116,0.0406746054132,0.03663409599,0.0347485134337,0.037576914077800005,0.0432336602436,0.0467079748938,0.042578541774,0.03610101982991908,0.029154581607939045,0.02838571127818735,0.027631621140608447,0.0300323165434293,0.03159240548021736,0.036487746143228354,0.036225673516571036,0.0346906347569,0.0385448239501,0.037416510466,0.036347412631099994,0.0253005595963,0.0153229492182,0.009621438030159999,0.008552341197510001
118,0.0014251048803900002,0.00237526381248,0.00299833029911,0.00267123785365,0.0022409008633800004,0.00161783437675,0.00204817136702,0.00267123785365,0.00204817136702,0.00204817136702,0.00267123785365,0.004185962956860001,0.002420708647079853,0.0010428837418756448,0.0033893273954100304,0.008766604371595915,0.015773372015759735,0.018217599137187287,0.01635624073584681,0.012530975367144717,0.0187800997835,0.029831278123099998,0.0363950665295,0.035017025530199995,0.032753147589,0.0331468891915,0.031300939356,0.0263825966977,0.026579412889499998,0.030119714548499998,0.034352246894799994,0.0396674869842,0.04206078593273172,0.03237675105681103,0.027532328824823028,0.031084890347895765,0.033910822488373266,0.043195969602525704,0.04731371677373932,0.0406930129447002,0.034853267132,0.0641110571921,0.0624496108567,0.0205379800057,0.0109730321266,0.011141391251,0.00904401370682,0.00689612937717
119,0.009153763718379998,0.004576881859189999,0.0,0.0,0.0,0.0,0.0,0.0,0.0,0.00045764974568,0.00183072761543,0.0032038044880199996,0.0011543318572380748,0.000571378929441825,0.0012099732861221113,0.0030921396177680423,0.004322568842957835,0.004163592154031113,0.00447922315583824,0.005250509370422761,0.025022282400700004,0.0310073643432,0.023225705772,0.0201545435427,0.0205384648097,0.0224579679391,0.0236096270389,0.0247612861388,0.0226498490497,0.019194818402499998,0.0201545963918,0.0280244366725,0.03419344581514742,0.03554569028478054,0.03796749432058691,0.040040404937912936,0.0535833006077709,0.060202902015141474,0.06102934695684506,0.06651876788931475,0.06670336843659999,0.07904094472710001,0.062207677747499995,0.0324309809068,0.020323426321700002,0.0108102867504,0.00864825412974,0.00648622101046
120,0.007106175384281265,0.005872093129429778,0.00488426374727654,0.00491803483630337,0.004564839055684595,0.004564839055684595,0.0063997782953451815,0.007847749436984073,0.008835579433331481,0.01303314922048526,0.019701695880917983,0.0374826137043772,0.029027310482280976,0.03738127407606852,0.07243062939951515,0.09965003831118202,0.11373547377113448,0.1147592445641126,0.08837357779040221,0.046821387810104025,0.0223800154098,0.012464911574299999,0.011443531640299999,0.011320872201700001,0.0105920087192,0.010655196717299998,0.011384060199799999,0.0102574809261,0.010376086348500001,0.010316952868,0.0086564814669,0.007173748968699999,0.006543899475734052,0.007679264671338671,0.006889624703385794,0.005095656424300641,0.003445221484827409,0.0042344531330246,0.00538272391692764,0.003660317741081191,0.007036137763205455,0.012561323775863864,0.011254797514040168,0.009053666904539778,0.010311967179058624,0.015278847717627046,0.0149633765497259,0.012197626620657868
121,0.0051779846330478035,0.0051779846330478035,0.009034282041907427,0.010319714304493768,0.006463416895634144,0.0051779846330478035,0.0051779846330478035,0.0051779846330478035,0.009034282041907427,0.012890579450816706,0.018032309122225428,0.028315767222841667,0.014565399889068657,0.018867266226056473,0.04981760734352319,0.10099663775865095,0.14808434276783802,0.13798785289246487,0.1049032340947371,0.0607257479804607,0.0193868491763,0.0150693897912,0.0132174531044,0.00657354972297,0.0076462154836,0.0062580592636,0.007488785719859999,0.00755819323065,0.00660509781826,0.00810683028341,0.00715405058713,0.006289608359569999,0.007799334738360996,0.009685414077446653,0.009220868073559901,0.0061472449698681255,0.002732108233850373,0.0051227036603218425,0.0047811908529429405,0.0014623791305191682,0.005751729508729176,0.010720986477841513,0.012483005064156377,0.012483005064156377,0.011257036081222655,0.012483005064156377,0.01200137299481586,0.008586170269266093
122,0.006539982547862487,0.004087405799360615,0.0008174145254328821,0.0,0.0,0.0,0.0,0.0,0.0008174145254328821,0.0016348290508704458,0.004496111888942254,0.009401097626694367,0.0062193261053615,0.004523057724829813,0.006550608624185963,0.012009418812421081,0.01497278569688315,0.01606455412566382,0.020420999838917323,0.024164195970837354,0.0312566171052,0.031432005674499996,0.0303916937984,0.0280301696082,0.0300836548071,0.0310077306886,0.027927502639599998,0.0264900543309,0.0286462475908,0.0329585915149,0.035607188028,0.0324591714761,0.028933986481933106,0.02991688243402979,0.029127908689867865,0.02835410172257607,0.030817567474068996,0.03241844786573223,0.037441786472756866,0.03717286113963505,0.04413620447007704,0.045655290789751266,0.04431883386632805,0.04305251672951893,0.029967822113596845,0.01814961532673346,0.011396330423817425,0.010130013873547025
123,0.0016675427708742127,0.002779343075052651,0.003508404980722568,0.003125666582214047,0.0026221226193139904,0.0018930607136556444,0.0023966046765441294,0.003125666582214047,0.0023966046765441294,0.0023966046765441294,0.003125666582214047,0.004898077097979221,0.0030192828940582305,0.0018778392360442936,0.0061028953057683365,0.015785332932420862,0.028401866385766184,0.03280299300254156,0.02945139051520383,0.02256353736684671,0.0189403629651,0.0210973972494,0.025739464972799997,0.024764880597599997,0.0231638122655,0.0234422764675,0.0221367765233,0.0186584061804,0.0187975994527,0.021301385921299997,0.024294734180200003,0.0280537992484,0.03369250278137567,0.03303278131608466,0.028090199105643462,0.03171474417722481,0.034597936395648156,0.044071223690281366,0.04827240701166007,0.0415175512962818,0.04402778631973362,0.07501762584279649,0.07307353535246192,0.024031900708561055,0.012839764080898717,0.013036764156060834,0.010582580541312538,0.008069298527242003
124,0.010425572305527837,0.00521278615276956,0.0,0.0,0.0,0.0,0.0,0.0,0.0,0.0005212350274982939,0.0020850852151078924,0.0036489348403088637,0.0025178750756598796,0.0019768550084212767,0.00418626315593847,0.010698177951428299,0.014955214542372558,0.01440518789070984,0.015497207563479588,0.018165702248610083,0.024447633429799998,0.0189586441343,0.0142007511616,0.012322969118500001,0.0125577083888,0.0137313384313,0.014435489933299999,0.015139641933799998,0.0138486587087,0.011736170300499999,0.0123230020236,0.0171348100646,0.02629535925068142,0.03587560408422672,0.0383198864907283,0.04041203717820948,0.054080629893635254,0.06076167112798374,0.061595786612003364,0.06713615643863172,0.07988297784648529,0.09002276336771375,0.07085071053096212,0.036936888026972765,0.02314712999505293,0.012312250452707611,0.009849827808406519,0.007387406288956526
125,0.00432767619874,0.00357611745567,0.0029745282355,0.0029950953497800002,0.00277999721623,0.00277999721623,0.0038974799316300003,0.004779297900270001,0.00538088862363,0.00793721853466,0.0119983785636,0.022826998556499997,0.02493717887,0.038454249446900006,0.0745096449236,0.102510347752,0.117000085952,0.118053242258,0.09091021319810001,0.048165327598999996,0.0241151176205,0.0163819202297,0.015039579183499999,0.014878374836200001,0.013920471021200002,0.0140035161252,0.0149614199403,0.0134808202049,0.013636695752000001,0.0135589804502,0.0113767187821,0.009428047962950001,0.0113413953759,0.0138786778953,0.0124515665867,0.00920934067588,0.006226521859520001,0.007652894100959999,0.00972815536575,0.00661526422015,0.00517680584907,0.007649874197,0.00685419739791,0.00551370376924,0.006280011288319999,0.009304853218200002,0.00911273030553,0.007428382004310001
126,0.0029911735196300002,0.0029911735196300002,0.00521884569751,0.005961403256890001,0.00373373107901,0.0029911735196300002,0.0029911735196300002,0.0029911735196300002,0.00521884569751,0.0074465178754,0.0104167471124,0.0163572055864,0.011407118836399999,0.0193940380224,0.05120850936890001,0.103816452791,0.152218840992,0.141840458715,0.10783212128799999,0.0624212037524,0.0209374952842,0.020977309331,0.018399325667299998,0.00915069454264,0.0106438961314,0.00871151692795,0.01042474704,0.0105213659751,0.00919461160376,0.011285094928600001,0.00995878027313,0.00875543548981,0.0134513969768,0.016874727164200003,0.0160653563027,0.0107102377019,0.00476010597879,0.0089251978348,0.008330184712510002,0.0025478768827,0.00370460978188,0.00619320606071,0.007211073783890001,0.007211073783890001,0.00650286658885,0.007211073783890001,0.006932848689,0.00495998310867
