,1,2,3,4,5,6,7,8,9,10,11,12,13,14,15,16,17,18,19,20,21,22,23,24,25,26,27,28,29,30,31,32,33,34,35,36,37,38,39,40,41,42,43,44,45,46,47,48
1,0.0007998391717029809,0.0007998391717029809,0.0007998391717029809,0.0007998391717029809,0.004175873182750627,0.004175873182750627,0.004175873182750627,0.004175873182750627,0.013334238122877201,0.013334238122877201,0.013334238122877201,0.013334238122877201,0.05362846681716943,0.05362846681716943,0.05362846681716943,0.05362846681716943,0.1122050068845706,0.1122050068845706,0.1122050068845706,0.1122050068845706,0.03788397712455624,0.03788397712455624,0.03788397712455624,0.03788397712455624,0.02563537781004079,0.02563537781004079,0.02563537781004079,0.02563537781004079,0.0010833790073876371,0.0010833790073876371,0.0010833790073876371,0.0010833790073876371,0.001253841878944548,0.001253841878944548,0.001253841878944548,0.001253841878944548,0.0,0.0,0.0,0.0,0.0,0.0,0.0,0.0,0.0,0.0,0.0,0.0
2,0.0019487982852779316,0.0,0.0018990218545856753,0.001110989523580711,0.0008485690880587126,0.008715614903725525,0.004977472990305241,0.0044626667755625305,0.012672535001703228,0.0066896007886037955,0.00684136787853907,0.011857040594357342,0.02246044080533004,0.032539555736398586,0.05442522049966669,0.11152920667220513,0.19093493867878225,0.15160554897671386,0.12941358341647077,0.08678572848730416,0.05807577176910118,0.03356202485122886,0.016876489062207626,0.007807994414517548,0.01742986917608816,0.011733143770171857,0.0037794710910679535,0.000854079645078402,0.002094873400678463,0.005569324955971386,0.0004990569067173022,0.0,0.0,0.0,0.0,0.0,0.0,0.0,0.0,0.0,0.0,0.0,0.0,0.0,0.0,0.0,0.0,0.0
3,0.0,0.0028324721872208187,0.0,0.0,0.005376762535184328,0.0012900065651739717,0.0025020654773444217,0.0024269431364904812,0.0037429580546030658,0.0013224783034410793,0.007577409779365181,0.0016722364663968015,0.024989963368860404,0.03344476803084219,0.03056747787828965,0.08529574806389678,0.26839726195516317,0.14680221301669297,0.12085597824246465,0.10699906064176462,0.05856748236782677,0.03619995051446419,0.008569713590366816,0.013619901003384453,0.010877954913668714,0.015497378981140574,0.0,0.0,0.00526715590494303,0.0,0.0,0.0,0.0053046590210107615,0.0,0.0,0.0,0.0,0.0,0.0,0.0,0.0,0.0,0.0,0.0,0.0,0.0,0.0,0.0
4,0.0,0.0,0.0,0.0,0.006018538927987438,0.006018538927987438,0.006018538927987438,0.006018538927987438,0.009968445238413977,0.009968445238413977,0.009968445238413977,0.009968445238413977,0.0690692154221167,0.0690692154221167,0.0690692154221167,0.0690692154221167,0.1363561449480632,0.1363561449480632,0.1363561449480632,0.1363561449480632,0.019971874927958315,0.019971874927958315,0.019971874927958315,0.019971874927958315,0.008615780535460277,0.008615780535460277,0.008615780535460277,0.008615780535460277,0.0,0.0,0.0,0.0,0.0,0.0,0.0,0.0,0.0,0.0,0.0,0.0,0.0,0.0,0.0,0.0,0.0,0.0,0.0,0.0
5,0.02963014061468446,0.02963014061468446,0.02963014061468446,0.02963014061468446,0.036831878900764344,0.036831878900764344,0.036831878900764344,0.036831878900764344,0.036666404819648855,0.036666404819648855,0.036666404819648855,0.036666404819648855,0.06222392627597958,0.06222392627597958,0.06222392627597958,0.06222392627597958,0.06408306373488758,0.06408306373488758,0.06408306373488758,0.06408306373488758,0.013192339585143579,0.013192339585143579,0.013192339585143579,0.013192339585143579,0.007372246068891667,0.007372246068891667,0.007372246068891667,0.007372246068891667,0.0,0.0,0.0,0.0,0.0,0.0,0.0,0.0,0.0,0.0,0.0,0.0,0.0,0.0,0.0,0.0,0.0,0.0,0.0,0.0
6,0.0036065891070890606,0.03019395339432983,0.04093786241654926,0.011985229313879606,0.042908914866128904,0.056919960328048656,0.019449985612777287,0.06317445064283592,0.033646269872333004,0.03274225753240297,0.04322462876294034,0.05823940115308139,0.04692626109133827,0.05806497407273804,0.09349755705134619,0.11496971573351068,0.08162291280238361,0.06747469367731361,0.03434738623502687,0.016784721022144452,0.013152924161150291,0.011983378394886574,0.014764604529416187,0.0003167715648074606,0.004648597740832912,0.004415998920708569,0.0,0.0,0.0,0.0,0.0,0.0,0.0,0.0,0.0,0.0,0.0,0.0,0.0,0.0,0.0,0.0,0.0,0.0,0.0,0.0,0.0,0.0
7,0.00014571791564991186,0.0025214454734776193,0.0029798317433721664,0.003702876965172132,0.006340856751754706,0.004680959804527391,0.011243785353088656,0.01069194263272446,0.0173233931405889,0.016310957524254478,0.01787145902866488,0.01928274925599322,0.02422383247872892,0.03046869543793954,0.037691099306927656,0.05765502347180376,0.08412032115024692,0.1275735603397593,0.1465212859516429,0.1278563252978146,0.08463134128821108,0.052711589108438296,0.04108182205617253,0.02594538989540342,0.01629594190626092,0.009584758272311832,0.008413931925585566,0.005063990071850135,0.0024414622260493877,0.0014898894699887045,0.0011953799252887548,0.0010612926521158114,0.000298297493492329,0.0003796452918061499,0.00015827122797212593,1.1197098814744432e-05,2.968106610609842e-05,0.0,0.0,0.0,0.0,0.0,0.0,0.0,0.0,0.0,0.0,0.0
8,0.0,0.0,0.0,0.007694354776917638,0.0,0.0017726293866741172,0.006863431181673206,0.0029180198038503925,0.003781027964335826,0.017560806058723632,0.033921478005868685,0.01683203895755515,0.0365496323280195,0.03341033375107374,0.040573284345946335,0.033326399766751884,0.05763395201261052,0.12160693821773268,0.15196185025232747,0.10999527699966626,0.10152308573011068,0.06915956566371904,0.045123922967796014,0.031266227935149354,0.017538318301127415,0.01853651958518028,0.012969495252093668,0.00958909592435766,0.010205500402685098,0.0026938086728635646,0.0,0.0019684118791417657,0.003024593876048547,0.0,0.0,0.0,0.0,0.0,0.0,0.0,0.0,0.0,0.0,0.0,0.0,0.0,0.0,0.0
9,0.0,0.0,0.0,0.0,0.002733718804510736,0.002733718804510736,0.002733718804510736,0.002733718804510736,0.00281415341032997,0.00281415341032997,0.00281415341032997,0.00281415341032997,0.028965935923279687,0.028965935923279687,0.028965935923279687,0.028965935923279687,0.08325301155880405,0.08325301155880405,0.08325301155880405,0.08325301155880405,0.10109134231690423,0.10109134231690423,0.10109134231690423,0.10109134231690423,0.030198540194412257,0.030198540194412257,0.030198540194412257,0.030198540194412257,0.000943297791759079,0.000943297791759079,0.000943297791759079,0.000943297791759079,0.0,0.0,0.0,0.0,0.0,0.0,0.0,0.0,0.0,0.0,0.0,0.0,0.0,0.0,0.0,0.0
10,0.014935508343749434,0.027381446986422742,0.048239909705608874,0.04218886720460154,0.05771250552635916,0.05572045995762259,0.046072626887850326,0.05363793586739794,0.054827212272327244,0.056356463827494145,0.0461861804685099,0.03411971685452861,0.06297323704491158,0.04317809773364918,0.05016795038823103,0.027719766922314037,0.03435364075658771,0.05295451843154631,0.043604927563314896,0.05199147750700823,0.03398866109613583,0.016962548473784637,0.012343795267418977,0.006858454100318528,0.006904320187797292,0.0024906274711909457,0.006917591285071203,0.005083251405120275,0.0033573525502739532,0.0004076724375861765,0.0,0.0003632754752668862,0.0,0.0,0.0,0.0,0.0,0.0,0.0,0.0,0.0,0.0,0.0,0.0,0.0,0.0,0.0,0.0
11,0.005584774087106154,0.005584774087106154,0.005584774087106154,0.005584774087106154,0.027352196140038875,0.027352196140038875,0.027352196140038875,0.027352196140038875,0.05569109541495423,0.05569109541495423,0.05569109541495423,0.05569109541495423,0.04799672742647608,0.04799672742647608,0.04799672742647608,0.04799672742647608,0.07730799875921707,0.07730799875921707,0.07730799875921707,0.07730799875921707,0.020558735622495352,0.020558735622495352,0.020558735622495352,0.020558735622495352,0.008696250193130344,0.008696250193130344,0.008696250193130344,0.008696250193130344,0.0013457856542357152,0.0013457856542357152,0.0013457856542357152,0.0013457856542357152,0.005466436702346244,0.005466436702346244,0.005466436702346244,0.005466436702346244,0.0,0.0,0.0,0.0,0.0,0.0,0.0,0.0,0.0,0.0,0.0,0.0
12,0.07754051148418696,0.07754051148418696,0.07754051148418696,0.07754051148418696,0.14399198314038752,0.14399198314038752,0.14399198314038752,0.14399198314038752,0.02109008999387699,0.02109008999387699,0.02109008999387699,0.02109008999387699,0.007377415381548403,0.007377415381548403,0.007377415381548403,0.007377415381548403,0.0,0.0,0.0,0.0,0.0,0.0,0.0,0.0,0.0,0.0,0.0,0.0,0.0,0.0,0.0,0.0,0.0,0.0,0.0,0.0,0.0,0.0,0.0,0.0,0.0,0.0,0.0,0.0,0.0,0.0,0.0,0.0
13,0.1713923321643768,0.1713923321643768,0.1713923321643768,0.1713923321643768,0.06954971955922727,0.06954971955922727,0.06954971955922727,0.06954971955922727,0.006841731913180924,0.006841731913180924,0.006841731913180924,0.006841731913180924,0.0022162163632149395,0.0022162163632149395,0.0022162163632149395,0.0022162163632149395,0.0,0.0,0.0,0.0,0.0,0.0,0.0,0.0,0.0,0.0,0.0,0.0,0.0,0.0,0.0,0.0,0.0,0.0,0.0,0.0,0.0,0.0,0.0,0.0,0.0,0.0,0.0,0.0,0.0,0.0,0.0,0.0
14,0.13570034378303744,0.40003566303999566,0.21641202575044846,0.0897302518237837,0.0591376478801078,0.013260366505842452,0.015878070790515238,0.02211179681973602,0.008508916533936383,0.011192993698600875,0.008607051808924118,0.009379410476327572,0.005148201291856475,0.004582483936927189,0.0,0.0,0.0,0.000314775859960653,0.0,0.0,0.0,0.0,0.0,0.0,0.0,0.0,0.0,0.0,0.0,0.0,0.0,0.0,0.0,0.0,0.0,0.0,0.0,0.0,0.0,0.0,0.0,0.0,0.0,0.0,0.0,0.0,0.0,0.0
15,0.05887549226911076,0.05887549226911076,0.05887549226911076,0.05887549226911076,0.11676715711041949,0.11676715711041949,0.11676715711041949,0.11676715711041949,0.05494868246674342,0.05494868246674342,0.05494868246674342,0.05494868246674342,0.01782300571703276,0.01782300571703276,0.01782300571703276,0.01782300571703276,0.0015856624366934484,0.0015856624366934484,0.0015856624366934484,0.0015856624366934484,0.0,0.0,0.0,0.0,0.0,0.0,0.0,0.0,0.0,0.0,0.0,0.0,0.0,0.0,0.0,0.0,0.0,0.0,0.0,0.0,0.0,0.0,0.0,0.0,0.0,0.0,0.0,0.0
16,0.0,0.0,0.0,0.0,0.0,0.0,0.0,0.0,0.02238401334985183,0.02238401334985183,0.02238401334985183,0.02238401334985183,0.05055509377751808,0.05055509377751808,0.05055509377751808,0.05055509377751808,0.16805601012380642,0.16805601012380642,0.16805601012380642,0.16805601012380642,0.009004882748823625,0.009004882748823625,0.009004882748823625,0.009004882748823625,0.0,0.0,0.0,0.0,0.0,0.0,0.0,0.0,0.0,0.0,0.0,0.0,0.0,0.0,0.0,0.0,0.0,0.0,0.0,0.0,0.0,0.0,0.0,0.0
17,0.0,0.0,0.0,0.0,0.005689454288217226,0.005689454288217226,0.005689454288217226,0.005689454288217226,0.010896302474999458,0.010896302474999458,0.010896302474999458,0.010896302474999458,0.08787348042370276,0.08787348042370276,0.08787348042370276,0.08787348042370276,0.11839453144132693,0.11839453144132693,0.11839453144132693,0.11839453144132693,0.026292372135687882,0.026292372135687882,0.026292372135687882,0.026292372135687882,0.0,0.0,0.0,0.0,0.0008538592360658087,0.0008538592360658087,0.0008538592360658087,0.0008538592360658087,0.0,0.0,0.0,0.0,0.0,0.0,0.0,0.0,0.0,0.0,0.0,0.0,0.0,0.0,0.0,0.0
18,0.0,6.18135998499956e-05,0.0019877155180237326,3.685969075244091e-05,0.003473932773390403,0.008934455642658056,0.023669117020946314,0.019012001713315595,0.009199708334581096,0.01838787474579527,0.01949483319961823,0.018702891404962365,0.06416627369266413,0.14887473397410922,0.1788254158601952,0.13827492433291885,0.05625112050371322,0.054727832012077836,0.07292860744147571,0.06877921829650062,0.041519716926375315,0.03012585849718725,0.011019685181855142,0.003230951593418791,0.003888858148974871,0.0018004977361371955,0.00011491152443024508,0.0,0.00037962265983167045,0.001749058328404393,0.00038150964583667373,0.0,0.0,0.0,0.0,0.0,0.0,0.0,0.0,0.0,0.0,0.0,0.0,0.0,0.0,0.0,0.0,0.0
19,0.0,0.0,0.0,0.0,0.0028606177095999116,0.0028606177095999116,0.0028606177095999116,0.0028606177095999116,0.008183470867157604,0.008183470867157604,0.008183470867157604,0.008183470867157604,0.11114112083096582,0.11114112083096582,0.11114112083096582,0.11114112083096582,0.11410187449238915,0.11410187449238915,0.11410187449238915,0.11410187449238915,0.013658137364158598,0.013658137364158598,0.013658137364158598,0.013658137364158598,5.4778735728864716e-05,5.4778735728864716e-05,5.4778735728864716e-05,5.4778735728864716e-05,0.0,0.0,0.0,0.0,0.0,0.0,0.0,0.0,0.0,0.0,0.0,0.0,0.0,0.0,0.0,0.0,0.0,0.0,0.0,0.0
20,0.05256699273477425,0.05256699273477425,0.05256699273477425,0.05256699273477425,0.10557911913283509,0.10557911913283509,0.10557911913283509,0.10557911913283509,0.06607403953942997,0.06607403953942997,0.06607403953942997,0.06607403953942997,0.01877805479195035,0.01877805479195035,0.01877805479195035,0.01877805479195035,0.007001793801010328,0.007001793801010328,0.007001793801010328,0.007001793801010328,0.0,0.0,0.0,0.0,0.0,0.0,0.0,0.0,0.0,0.0,0.0,0.0,0.0,0.0,0.0,0.0,0.0,0.0,0.0,0.0,0.0,0.0,0.0,0.0,0.0,0.0,0.0,0.0
21,0.016421799626825325,0.016421799626825325,0.016421799626825325,0.016421799626825325,0.024329032009437496,0.024329032009437496,0.024329032009437496,0.024329032009437496,0.07996176587124162,0.07996176587124162,0.07996176587124162,0.07996176587124162,0.060730960664755265,0.060730960664755265,0.060730960664755265,0.060730960664755265,0.04211497326903484,0.04211497326903484,0.04211497326903484,0.04211497326903484,0.0,0.0,0.0,0.0,0.02147961850428567,0.02147961850428567,0.02147961850428567,0.02147961850428567,0.004961850054419748,0.004961850054419748,0.004961850054419748,0.004961850054419748,0.0,0.0,0.0,0.0,0.0,0.0,0.0,0.0,0.0,0.0,0.0,0.0,0.0,0.0,0.0,0.0
22,0.034418210934788966,0.034418210934788966,0.034418210934788966,0.034418210934788966,0.10196551262206521,0.10196551262206521,0.10196551262206521,0.10196551262206521,0.061659190678032785,0.061659190678032785,0.061659190678032785,0.061659190678032785,0.029244946370405707,0.029244946370405707,0.029244946370405707,0.029244946370405707,0.020170455957146022,0.020170455957146022,0.020170455957146022,0.020170455957146022,0.0023607234135768883,0.0023607234135768883,0.0023607234135768883,0.0023607234135768883,0.0001809600239844499,0.0001809600239844499,0.0001809600239844499,0.0001809600239844499,0.0,0.0,0.0,0.0,0.0,0.0,0.0,0.0,0.0,0.0,0.0,0.0,0.0,0.0,0.0,0.0,0.0,0.0,0.0,0.0
23,0.018090228855268942,0.018090228855268942,0.018090228855268942,0.018090228855268942,0.046940513584970936,0.046940513584970936,0.046940513584970936,0.046940513584970936,0.05827000532121439,0.05827000532121439,0.05827000532121439,0.05827000532121439,0.05928037015365734,0.05928037015365734,0.05928037015365734,0.05928037015365734,0.045375863991077604,0.045375863991077604,0.045375863991077604,0.045375863991077604,0.0160024879418429,0.0160024879418429,0.0160024879418429,0.0160024879418429,0.004956646328654639,0.004956646328654639,0.004956646328654639,0.004956646328654639,0.0010838838233130797,0.0010838838233130797,0.0010838838233130797,0.0010838838233130797,0.0,0.0,0.0,0.0,0.0,0.0,0.0,0.0,0.0,0.0,0.0,0.0,0.0,0.0,0.0,0.0
24,0.002380669942205526,0.002380669942205526,0.002380669942205526,0.002380669942205526,0.006699997999352112,0.006699997999352112,0.006699997999352112,0.006699997999352112,0.02526772811478141,0.02526772811478141,0.02526772811478141,0.02526772811478141,0.12400995716390577,0.12400995716390577,0.12400995716390577,0.12400995716390577,0.05669603712070797,0.05669603712070797,0.05669603712070797,0.05669603712070797,0.02048537132327903,0.02048537132327903,0.02048537132327903,0.02048537132327903,0.002670157628824041,0.002670157628824041,0.002670157628824041,0.002670157628824041,0.008681043578354766,0.008681043578354766,0.008681043578354766,0.008681043578354766,0.0031090371285893183,0.0031090371285893183,0.0031090371285893183,0.0031090371285893183,0.0,0.0,0.0,0.0,0.0,0.0,0.0,0.0,0.0,0.0,0.0,0.0
26,0.02050386890315552,0.02050386890315552,0.02050386890315552,0.02050386890315552,0.0627046191826434,0.0627046191826434,0.0627046191826434,0.0627046191826434,0.08223209245832938,0.08223209245832938,0.08223209245832938,0.08223209245832938,0.06562029839862768,0.06562029839862768,0.06562029839862768,0.06562029839862768,0.01893912105724395,0.01893912105724395,0.01893912105724395,0.01893912105724395,0.0,0.0,0.0,0.0,0.0,0.0,0.0,0.0,0.0,0.0,0.0,0.0,0.0,0.0,0.0,0.0,0.0,0.0,0.0,0.0,0.0,0.0,0.0,0.0,0.0,0.0,0.0,0.0
27,0.08764207029892833,0.08764207029892833,0.08764207029892833,0.08764207029892833,0.06330112487194495,0.06330112487194495,0.06330112487194495,0.06330112487194495,0.04352047111368687,0.04352047111368687,0.04352047111368687,0.04352047111368687,0.03039706872795393,0.03039706872795393,0.03039706872795393,0.03039706872795393,0.00697526204294057,0.00697526204294057,0.00697526204294057,0.00697526204294057,0.00853721988293951,0.00853721988293951,0.00853721988293951,0.00853721988293951,0.009626783061605824,0.009626783061605824,0.009626783061605824,0.009626783061605824,0.0,0.0,0.0,0.0,0.0,0.0,0.0,0.0,0.0,0.0,0.0,0.0,0.0,0.0,0.0,0.0,0.0,0.0,0.0,0.0
29,0.2492542721689504,0.21688319924742855,0.16774483058080983,0.11567899888007,0.07696981633232068,0.04685713219050719,0.03147053267283968,0.022003181197007133,0.016419227918515033,0.011327171754903761,0.009097602801456729,0.005837857756691739,0.005708594060181619,0.007296768424637767,0.004131339441605414,0.00464465942250379,0.0016897672914676404,0.0015983053384680504,0.0008330364998473719,0.0017761778426732093,0.0004946444725339814,0.00034323289225541605,0.00018098162940682083,0.0005105147997436106,0.00020084622618882878,7.094498850717134e-06,0.00036034864873037495,0.0,0.00047042383863109423,3.953644855866732e-05,0.0001699047222148234,0.0,0.0,0.0,0.0,0.0,0.0,0.0,0.0,0.0,0.0,0.0,0.0,0.0,0.0,0.0,0.0,0.0
30,0.024940936191099772,0.06039579144331527,0.1620174934278637,0.165964727860409,0.14165315243693835,0.10936684065818726,0.10144803054759316,0.057281999023670406,0.04456891542556088,0.030598070543162603,0.023938830561706613,0.017682164633465502,0.015803419654684816,0.012133133883996323,0.006320282554964319,0.008840475181308781,0.0036196911520242534,0.0028332958537703023,0.0027634208471825337,0.0026726771305735867,0.0009127129635667382,0.0009927208510235382,0.0013943569846869002,0.0003855491384985605,0.0006399430682832232,0.00016271508505143819,0.0,4.183232856840426e-05,0.0006099408083437323,0.0,0.0,0.0,0.0,1.6879760500009378e-05,0.0,0.0,0.0,0.0,0.0,0.0,0.0,0.0,0.0,0.0,0.0,0.0,0.0,0.0
31,0.02664761562758422,0.044252717934193,0.11397669872467625,0.12463619006193274,0.0789860328908603,0.06802300286524256,0.07057785847775454,0.04760401488004168,0.03817846440195332,0.03033139198187285,0.022363276340379695,0.04570977849373718,0.03957910016716022,0.03516641419825051,0.03590011860536278,0.024931959972586737,0.02976707322932815,0.027680893409436334,0.019983602618927798,0.02141650713528851,0.005472982507605664,0.01297020704096058,0.0166068143712272,0.005414645865629481,0.005374122788161719,0.0026035925539098044,0.00026018324402105053,0.004003813579681814,0.000383998138730341,0.00025831185876604905,0.0007113287088200411,0.0,0.0,0.00022728732591691556,0.0,0.0,0.0,0.0,0.0,0.0,0.0,0.0,0.0,0.0,0.0,0.0,0.0,0.0
32,0.016485187715681023,0.016485187715681023,0.016485187715681023,0.016485187715681023,0.1351367558020366,0.1351367558020366,0.1351367558020366,0.1351367558020366,0.08198549097137926,0.08198549097137926,0.08198549097137926,0.08198549097137926,0.004120199090798228,0.004120199090798228,0.004120199090798228,0.004120199090798228,0.01201282234546275,0.01201282234546275,0.01201282234546275,0.01201282234546275,0.0002595440746420896,0.0002595440746420896,0.0002595440746420896,0.0002595440746420896,0.0,0.0,0.0,0.0,0.0,0.0,0.0,0.0,0.0,0.0,0.0,0.0,0.0,0.0,0.0,0.0,0.0,0.0,0.0,0.0,0.0,0.0,0.0,0.0
33,0.031212166395736866,0.031212166395736866,0.031212166395736866,0.031212166395736866,0.04815500317930583,0.04815500317930583,0.04815500317930583,0.04815500317930583,0.041607713098577935,0.041607713098577935,0.041607713098577935,0.041607713098577935,0.06560620475161709,0.06560620475161709,0.06560620475161709,0.06560620475161709,0.026893226646958757,0.026893226646958757,0.026893226646958757,0.026893226646958757,0.0008639770333646132,0.0008639770333646132,0.0008639770333646132,0.0008639770333646132,0.03566170889443895,0.03566170889443895,0.03566170889443895,0.03566170889443895,0.0,0.0,0.0,0.0,0.0,0.0,0.0,0.0,0.0,0.0,0.0,0.0,0.0,0.0,0.0,0.0,0.0,0.0,0.0,0.0
34,0.0010269237817926726,0.0,0.0,0.0,0.0,0.0,0.0010269237817926726,0.0010269237817926726,0.0010269237817926726,0.0010269237817926726,0.0010269237817926726,0.0010269237817926726,0.0010269237817926726,0.0010269237817926726,0.0010269237817926726,0.0010269237817926726,0.10048184972166158,0.10048184972166158,0.10048184972166158,0.10048184972166158,0.10048184972166158,0.10048184972166158,0.10048184972166158,0.10048184972166158,0.01190044452530151,0.01190044452530151,0.01190044452530151,0.01190044452530151,0.01190044452530151,0.01190044452530151,0.01190044452530151,0.01190044452530151,0.01190044452530151,0.01190044452530151,0.01190044452530151,0.01190044452530151,0.004742001399524947,0.004742001399524947,0.004742001399524947,0.004742001399524947,0.004742001399524947,0.004742001399524947,0.004742001399524947,0.004742001399524947,0.0010269237817926726,0.0010269237817926726,0.0010269237817926726,0.0010269237817926726
35,0.0,0.0,0.0,0.0,0.0,0.0,0.0,0.0,0.0,0.0,0.0,0.0,0.0,0.0,0.0,0.04189228742865505,0.020683016639262176,0.020683016639262176,0.020683016639262176,0.020683016639262176,0.020683016639262176,0.020683016639262176,0.020683016639262176,0.020683016639262176,0.06383991471606938,0.06383991471606938,0.06383991471606938,0.06383991471606938,0.06383991471606938,0.06383991471606938,0.06383991471606938,0.06383991471606938,0.06383991471606938,0.06383991471606938,0.06383991471606938,0.06383991471606938,0.0033205753580518994,0.0033205753580518994,0.0033205753580518994,0.0033205753580518994,0.0033205753580518994,0.0033205753580518994,0.0033205753580518994,0.0033205753580518994,0.0,0.0,0.0,0.0
36,0.0,0.0,0.0,0.0,0.0,0.0,0.0,0.0,0.0,0.0,0.0,0.0,0.0,0.0,0.2372396470186451,0.13426524365680928,0.07039071039030578,0.07039071039030578,0.07039071039030578,0.07039071039030578,0.07039071039030578,0.07039071039030578,0.07039071039030578,0.07039071039030578,0.0,0.0,0.0,0.0,0.0,0.0,0.0,0.0,0.0,0.0,0.03268471310104972,0.0,0.004085589137631215,0.004085589137631215,0.004085589137631215,0.004085589137631215,0.004085589137631215,0.004085589137631215,0.004085589137631215,0.004085589137631215,0.0,0.0,0.0,0.0
37,0.0,0.0,0.0,0.0,0.0,0.0,0.0,0.0,0.0,0.0,0.0,0.0,0.0,0.0,0.0,0.0,0.06211912525431131,0.06211912525431131,0.06211912525431131,0.06211912525431131,0.06211912525431131,0.06211912525431131,0.06211912525431131,0.06211912525431131,0.03338155022437515,0.03338155022437515,0.03338155022437515,0.03338155022437515,0.03338155022437515,0.03338155022437515,0.03338155022437515,0.03338155022437515,0.03338155022437515,0.03338155022437515,0.03338155022437515,0.03338155022437515,0.012808549409125921,0.012808549409125921,0.012808549409125921,0.012808549409125921,0.012808549409125921,0.012808549409125921,0.012808549409125921,0.012808549409125921,0.0,0.0,0.0,0.0
38,0.0,0.0,0.0,0.0,0.0,0.0,0.0,0.0,0.0,0.0,0.0,0.0,0.04997011433995386,0.002486169194536783,0.05389248311112701,0.052434440194922036,0.044121870445167265,0.044121870445167265,0.044121870445167265,0.044121870445167265,0.044121870445167265,0.044121870445167265,0.044121870445167265,0.044121870445167265,0.037337424326066786,0.037337424326066786,0.037337424326066786,0.037337424326066786,0.037337424326066786,0.037337424326066786,0.037337424326066786,0.037337424326066786,0.037337424326066786,0.037337424326066786,0.037337424326066786,0.037337424326066786,0.005024092210665111,0.005024092210665111,0.005024092210665111,0.005024092210665111,0.005024092210665111,0.005024092210665111,0.005024092210665111,0.005024092210665111,0.0,0.0,0.0,0.0
39,0.003979357063929661,0.0,0.0,0.0,0.0,0.0,0.003979357063929661,0.003979357063929661,0.003979357063929661,0.003979357063929661,0.003979357063929661,0.003979357063929661,0.003979357063929661,0.003979357063929661,0.003979357063929661,0.003979357063929661,0.014962939556433468,0.014962939556433468,0.014962939556433468,0.014962939556433468,0.014962939556433468,0.014962939556433468,0.014962939556433468,0.014962939556433468,0.03452004167408152,0.03452004167408152,0.03452004167408152,0.03452004167408152,0.03452004167408152,0.03452004167408152,0.03452004167408152,0.03452004167408152,0.03452004167408152,0.03452004167408152,0.03452004167408152,0.03452004167408152,0.050795703437576174,0.050795703437576174,0.050795703437576174,0.050795703437576174,0.050795703437576174,0.050795703437576174,0.050795703437576174,0.050795703437576174,0.003979357063929661,0.003979357063929661,0.003979357063929661,0.003979357063929661
41,0.000934628390119029,0.0,0.0,0.0,0.0,0.0,0.000934628390119029,0.000934628390119029,0.000934628390119029,0.000934628390119029,0.000934628390119029,0.000934628390119029,0.000934628390119029,0.000934628390119029,0.000934628390119029,0.000934628390119029,0.10024624693162214,0.10024624693162214,0.10024624693162214,0.10024624693162214,0.10024624693162214,0.10024624693162214,0.10024624693162214,0.10024624693162214,0.015239109594356417,0.015239109594356417,0.015239109594356417,0.015239109594356417,0.015239109594356417,0.015239109594356417,0.015239109594356417,0.015239109594356417,0.015239109594356417,0.015239109594356417,0.015239109594356417,0.015239109594356417,0.0,0.0,0.0,0.0,0.001141283562960888,0.0,0.0,0.0,0.000934628390119029,0.000934628390119029,0.000934628390119029,0.000934628390119029
42,0.000543556372579657,0.0,0.0,0.0,0.0,0.0,0.000543556372579657,0.000543556372579657,0.000543556372579657,0.000543556372579657,0.000543556372579657,0.000543556372579657,0.000543556372579657,0.000543556372579657,0.000543556372579657,0.000543556372579657,0.12320549680848253,0.12320549680848253,0.12320549680848253,0.12320549680848253,0.12320549680848253,0.12320549680848253,0.12320549680848253,0.12320549680848253,0.0004435772987872494,0.0004435772987872494,0.0004435772987872494,0.0004435772987872494,0.0004435772987872494,0.0004435772987872494,0.0004435772987872494,0.0004435772987872494,0.0004435772987872494,0.0004435772987872494,0.0004435772987872494,0.0004435772987872494,0.00010996904474983497,0.00010996904474983497,0.00010996904474983497,0.00010996904474983497,0.00010996904474983497,0.00010996904474983497,0.00010996904474983497,0.00010996904474983497,0.000543556372579657,0.000543556372579657,0.000543556372579657,0.000543556372579657
43,0.0,0.0,0.0,0.0,0.0,0.0,0.0,0.0,0.0,0.0,0.0,0.0,0.0,0.0,0.0,0.12661478071530283,0.07230970337610282,0.07230970337610282,0.07230970337610282,0.07230970337610282,0.07230970337610282,0.07230970337610282,0.07230970337610282,0.07230970337610282,0.017408854264769038,0.017408854264769038,0.017408854264769038,0.017408854264769038,0.017408854264769038,0.017408854264769038,0.017408854264769038,0.017408854264769038,0.017408854264769038,0.017408854264769038,0.017408854264769038,0.017408854264769038,0.01075016763733076,0.01075016763733076,0.01075016763733076,0.01075016763733076,0.01075016763733076,0.01075016763733076,0.01075016763733076,0.01075016763733076,0.0,0.0,0.0,0.0
44,0.0,0.0,0.0,0.0,0.0,0.0,0.0,0.0,0.0,0.0,0.0,0.0,0.0,0.0,0.05780564564564569,0.04636924924924928,0.05097885885885889,0.05097885885885889,0.05097885885885889,0.05097885885885889,0.05097885885885889,0.05097885885885889,0.05097885885885889,0.05097885885885889,0.008888328328328334,0.008888328328328334,0.008888328328328334,0.008888328328328334,0.008888328328328334,0.008888328328328334,0.008888328328328334,0.008888328328328334,0.008888328328328334,0.008888328328328334,0.008888328328328334,0.008888328328328334,0.047666786786786826,0.047666786786786826,0.047666786786786826,0.047666786786786826,0.047666786786786826,0.047666786786786826,0.047666786786786826,0.047666786786786826,0.0,0.0,0.0,0.0
45,0.0007521831261341254,0.0,0.0,0.0,0.0,0.0,0.0007521831261341254,0.0007521831261341254,0.0007521831261341254,0.0007521831261341254,0.0007521831261341254,0.0007521831261341254,0.0007521831261341254,0.0007521831261341254,0.0007521831261341254,0.0007521831261341254,0.03821954872524872,0.03821954872524872,0.03821954872524872,0.03821954872524872,0.03821954872524872,0.03821954872524872,0.03821954872524872,0.03821954872524872,0.032511190616371206,0.032511190616371206,0.032511190616371206,0.032511190616371206,0.032511190616371206,0.032511190616371206,0.032511190616371206,0.032511190616371206,0.032511190616371206,0.032511190616371206,0.032511190616371206,0.032511190616371206,0.036603321988693066,0.036603321988693066,0.036603321988693066,0.036603321988693066,0.036603321988693066,0.036603321988693066,0.036603321988693066,0.036603321988693066,0.0007521831261341254,0.0007521831261341254,0.0007521831261341254,0.0007521831261341254
46,0.0,0.0,0.0,0.0,0.0,0.0,0.0,0.0,0.0,0.001511673550192853,0.006816397583370311,0.0,0.008679358523625856,0.01289011389106962,0.09985244507401216,0.08669758564585682,0.2015812910309361,0.09618945625832001,0.24739087335449578,0.08539554675677831,0.06901133221831589,0.011258334186663027,0.0138017544458477,0.004327377092079963,0.014972167229864265,0.0,0.004937650043804259,0.01093200669010479,0.0016424463255623448,0.003335239102979828,0.0008847606694655882,0.0,0.00591435698763241,0.005220955501700972,0.002081484452333004,0.0006274817671889045,0.004047911617799321,0.0,0.0,0.0,0.0,0.0,0.0,0.0,0.0,0.0,0.0,0.0
47,2.8458467620186545e-05,0.0,0.0,0.0,0.0,0.0,2.8458467620186545e-05,2.8458467620186545e-05,2.8458467620186545e-05,2.8458467620186545e-05,2.8458467620186545e-05,2.8458467620186545e-05,2.8458467620186545e-05,2.8458467620186545e-05,2.8458467620186545e-05,2.8458467620186545e-05,0.03627043645970065,0.03627043645970065,0.03627043645970065,0.03627043645970065,0.03627043645970065,0.03627043645970065,0.03627043645970065,0.03627043645970065,0.040407866393809784,0.040407866393809784,0.040407866393809784,0.040407866393809784,0.040407866393809784,0.040407866393809784,0.040407866393809784,0.040407866393809784,0.040407866393809784,0.040407866393809784,0.040407866393809784,0.040407866393809784,0.02806440432279686,0.02806440432279686,0.02806440432279686,0.02806440432279686,0.02806440432279686,0.02806440432279686,0.02806440432279686,0.02806440432279686,2.8458467620186545e-05,2.8458467620186545e-05,2.8458467620186545e-05,2.8458467620186545e-05
48,0.00015378226857185544,0.0,0.0,0.0,0.0,0.0,0.00015378226857185544,0.00015378226857185544,0.00015378226857185544,0.00015378226857185544,0.00015378226857185544,0.00015378226857185544,0.00015378226857185544,0.00015378226857185544,0.00015378226857185544,0.00015378226857185544,0.040045104156688334,0.040045104156688334,0.040045104156688334,0.040045104156688334,0.040045104156688334,0.040045104156688334,0.040045104156688334,0.040045104156688334,0.0426083683691936,0.0426083683691936,0.0426083683691936,0.0426083683691936,0.0426083683691936,0.0426083683691936,0.0426083683691936,0.0426083683691936,0.0426083683691936,0.0426083683691936,0.0426083683691936,0.0426083683691936,0.020754001535948998,0.020754001535948998,0.020754001535948998,0.020754001535948998,0.020754001535948998,0.020754001535948998,0.020754001535948998,0.020754001535948998,0.00015378226857185544,0.00015378226857185544,0.00015378226857185544,0.00015378226857185544
49,0.0,0.0,0.0,0.0,0.0,0.0,0.0,0.0,0.0,0.0,0.0,0.0,0.0030977337053292022,0.018392598305023145,0.12601302927650565,0.053242783831907364,0.0912107269464172,0.0912107269464172,0.0912107269464172,0.0912107269464172,0.0912107269464172,0.0912107269464172,0.0912107269464172,0.0912107269464172,0.0049766728710840475,0.0049766728710840475,0.0049766728710840475,0.0049766728710840475,0.0049766728710840475,0.0049766728710840475,0.0049766728710840475,0.0049766728710840475,0.0049766728710840475,0.0049766728710840475,0.0049766728710840475,0.0049766728710840475,0.0012309956071109884,0.0012309956071109884,0.0012309956071109884,0.0012309956071109884,0.0012309956071109884,0.0012309956071109884,0.0012309956071109884,0.0012309956071109884,0.0,0.0,0.0,0.0
50,0.0,0.0,0.0,0.0,0.0,0.0,0.0033847221576002633,0.0004469203254178592,0.005399623538722418,0.00701135803805629,0.015539059294165082,0.027168589908877796,0.05334069374881865,0.07760579376909198,0.12633414790987246,0.1367921292491925,0.13530633496848005,0.10332959936835866,0.063185181491521,0.03995903575344069,0.022465882540200998,0.018484022578284597,0.015239106297758594,0.011555265307696206,0.011645002811132496,0.008979861366895646,0.01796263921810045,0.01300470239841907,0.014458205265996655,0.010078492355567141,0.014956133171863915,0.00749558093926737,0.008065123364505733,0.005777821113109605,0.0033052726761443768,0.005331666982722118,0.004372897482054508,0.005011965927307001,0.0015118758067060483,0.002296410085870073,0.00184447241880171,0.0002624835878243949,0.0001695515454308238,0.0,0.0009223752367249145,0.0,0.0,0.0
51,0.0,0.0,0.0,0.0,0.0,0.0,0.0,0.0,0.0,0.005495429836494922,0.0,0.012714065670669905,0.007923502724566696,0.001435007164067264,0.006858455845639867,0.0032951830165423674,0.03413392068737022,0.04275027059201462,0.04973180278699152,0.02941821814238623,0.04969455539571425,0.022385316539071127,0.08028682045162394,0.03980356776993746,0.1754878162869086,0.08261448534136917,0.14645614837203538,0.04860907957948566,0.05444672839252555,0.03243900442613265,0.021934508848814767,0.00018386043571587,0.025102045283961552,0.0010308158408082147,0.008962544983080316,0.004175729627265128,0.0013757312542677402,0.0003738449823902105,0.0,0.0,0.0046578891094432116,0.0027475321089651186,0.0,0.00046954564169645745,0.0,0.0030065728620443013,0.0,0.0
52,0.0,0.0,0.0,0.0,0.0,0.0,0.0,0.0,0.0,0.0,0.0,0.0029707715580475275,0.009953157320044106,0.02410966069942808,0.2554519075503271,0.1619317865395372,0.3508141490523862,0.09237806743763542,0.04427003885142553,0.0037203117280556405,0.002247716340937486,0.0034210797692854947,0.0016247198356070171,0.007693438734590878,0.014660101556271836,0.0023868063518822525,0.0011244102737164672,3.574268416788087e-05,0.00016814344416920718,0.0002987838749748913,0.0007090846044937171,0.0019349298473608954,0.0056650274054450365,0.000847886561570106,0.00030257658424186586,0.004144599073183478,0.0023136886782923497,0.0034210557647964632,0.0001601579508180666,0.0007729925557918735,0.0001334969650004308,0.0003337104065157017,0.0,0.0,0.0,0.0,0.0,0.0
53,0.0,0.0,0.0,0.0,0.0,0.0,0.0,0.0,0.0,0.0026671378648627357,0.0005200645705035874,0.0006192837490133822,0.013286599985432988,0.01913057243891889,0.07741682311338634,0.09368423477858888,0.08869220947361067,0.06774109517163059,0.1305360585534364,0.03738671548101606,0.06118675799290378,0.026151611364051888,0.012698345455167053,0.013231713570953976,0.02587446655756273,0.019303221241674138,0.01941555816176219,0.015989040554259884,0.011961819568251646,0.014118517494533656,0.015161099244447813,0.01301889400716162,0.022446685484865916,0.008283612261855389,0.040178118863832636,0.055113429445873885,0.03431173848351475,0.03178818972193361,0.0023833784464729253,0.01337760664017849,0.009571269098762845,0.0,0.0025915157568974054,0.0,0.0,0.00016261540268122177,0.0,0.0
54,0.00011745861761759636,0.0,0.0,0.0,0.0,0.0,0.0,0.0,0.0,0.00019264693649960875,0.0029319643437927217,0.001556529232782275,0.0015544387234505816,0.004261768337237685,0.012953455980014973,0.015822004873267324,0.040819585283758536,0.01926019255331369,0.07567947854815348,0.04430050337464221,0.08641887509472812,0.049675252878611346,0.07081654374271748,0.03487985812863446,0.0648024184612339,0.04132775909522595,0.05513829389392431,0.03128812303829707,0.053085153666839406,0.028506565339579328,0.04796144532653937,0.023975061283931207,0.04179608319771029,0.016086499314693036,0.02188743265409184,0.015018459097374481,0.024092719950288687,0.014638276469679079,0.029103630808610205,0.008630942842914246,0.014767808028748126,0.0011475495889818595,0.00212544784411274,0.001385697611366033,0.001451903741827659,0.0003963365634403166,0.0,0.00014583553136886273
55,0.0,0.0,0.0,0.0,0.0,0.0,4.547682257137908e-05,5.640139229787653e-05,0.00022757813580221058,0.00110793569206489,0.005358013698720578,0.003347677287994698,0.009429401962267226,0.0073928185586612065,0.019715528408152487,0.01831772243578669,0.04339167953618168,0.024646551499496898,0.05027371652272183,0.019160509604499595,0.03262355158839712,0.018788341258227478,0.022010022201344983,0.017263455646206485,0.032053878662846674,0.01361565719896673,0.033476465676950236,0.010135402954532904,0.02358547234872563,0.01775825188344406,0.034988373309740146,0.02397335655356826,0.046569026236294685,0.036779938070570624,0.05866080566465079,0.06323151736749233,0.09902577037012546,0.06243788267825932,0.08157863966902057,0.025319132039432042,0.02327741241730142,0.007386108598469057,0.008295133044902056,0.0023358260700709014,0.0015677377353043587,0.0006198494150194724,8.733188349687446e-05,8.46478994200142e-05
56,0.0,0.0,0.0,0.0,0.0,0.0,0.0018906748713693263,0.0,0.0007268156286288309,0.0008245164783861153,0.009970536695382693,0.01596368682327988,0.02756900488485661,0.06372603374299532,0.10406316255373514,0.18936940398515995,0.20081669979077119,0.1332734239839832,0.0656770919840101,0.038782109879205696,0.020884187888137038,0.012337462545813058,0.010799359632660916,0.005051104499818899,0.005283606807414757,0.0033546385317961822,0.011372025720155336,0.008157904773288333,0.013988214987970263,0.010463750165403653,0.00645878986832119,0.0027513160336993117,0.0017013455887098159,0.00861982670747455,0.004359979811072862,0.0005620548488573897,0.006493288012036028,0.012019047932405576,0.0026889343432010427,0.0,0.0,0.0,0.0,0.0,0.0,0.0,0.0,0.0
57,7.832738171506883e-05,0.0,0.0,0.0,0.0,0.0,7.832738171506883e-05,7.832738171506883e-05,7.832738171506883e-05,7.832738171506883e-05,7.832738171506883e-05,7.832738171506883e-05,7.832738171506883e-05,7.832738171506883e-05,7.832738171506883e-05,7.832738171506883e-05,0.02082452660958313,0.02082452660958313,0.02082452660958313,0.02082452660958313,0.02082452660958313,0.02082452660958313,0.02082452660958313,0.02082452660958313,0.06597268569327532,0.06597268569327532,0.06597268569327532,0.06597268569327532,0.06597268569327532,0.06597268569327532,0.06597268569327532,0.06597268569327532,0.06597268569327532,0.06597268569327532,0.06597268569327532,0.06597268569327532,0.005069581009788137,0.005069581009788137,0.005069581009788137,0.005069581009788137,0.005069581009788137,0.005069581009788137,0.005069581009788137,0.005069581009788137,7.832738171506883e-05,7.832738171506883e-05,7.832738171506883e-05,7.832738171506883e-05
58,0.00043046807666599987,0.0,0.0,0.0,0.0,0.0,0.0004865267201412491,0.0,0.0012977525114036756,4.540145268376432e-05,0.0020113507271533482,0.0024989212203756312,0.009270251884818665,0.008051751190019071,0.04603300498266224,0.027470314344199834,0.06457766243389386,0.045093079294167025,0.03737202753231446,0.03178301878187762,0.03645460987359234,0.02661027744152226,0.032917070205397816,0.028467663610199333,0.03727283697352139,0.021147554528525663,0.03154376993365714,0.02913658298539825,0.04774737282850773,0.054836593951974114,0.056639939438465944,0.021967403491242182,0.03926945711852597,0.019645602533694382,0.05575846504250865,0.03702185504533355,0.028702619607081415,0.02684425925019539,0.04407272955160748,0.00911415695872058,0.01225796936270149,0.009267366788969039,0.005901600053818009,0.002358284841241793,0.00218257233390273,0.003038921238360645,0.003319830014220578,8.11038447376087e-05
59,0.0023937638619428337,0.0,0.0,0.0,0.0,0.0,0.0023937638619428337,0.0023937638619428337,0.0023937638619428337,0.0023937638619428337,0.0023937638619428337,0.0023937638619428337,0.0023937638619428337,0.0023937638619428337,0.0023937638619428337,0.0023937638619428337,0.10373369181787893,0.10373369181787893,0.10373369181787893,0.10373369181787893,0.10373369181787893,0.10373369181787893,0.10373369181787893,0.10373369181787893,0.010288884965249444,0.010288884965249444,0.010288884965249444,0.010288884965249444,0.010288884965249444,0.010288884965249444,0.010288884965249444,0.010288884965249444,0.010288884965249444,0.010288884965249444,0.010288884965249444,0.010288884965249444,0.0013446734931041495,0.0013446734931041495,0.0013446734931041495,0.0013446734931041495,0.0013446734931041495,0.0013446734931041495,0.0013446734931041495,0.0013446734931041495,0.0023937638619428337,0.0023937638619428337,0.0023937638619428337,0.0023937638619428337
60,0.020044200740135555,0.0,0.0,0.0,0.0,0.0,0.020044200740135555,0.020044200740135555,0.020044200740135555,0.020044200740135555,0.020044200740135555,0.020044200740135555,0.020044200740135555,0.020044200740135555,0.020044200740135555,0.020044200740135555,0.03536164051310067,0.03536164051310067,0.03536164051310067,0.03536164051310067,0.03536164051310067,0.03536164051310067,0.03536164051310067,0.03536164051310067,0.0337961182087047,0.0337961182087047,0.0337961182087047,0.0337961182087047,0.0337961182087047,0.0337961182087047,0.0337961182087047,0.0337961182087047,0.0337961182087047,0.0337961182087047,0.0337961182087047,0.0337961182087047,0.0013613057860880895,0.0013613057860880895,0.0013613057860880895,0.0013613057860880895,0.0013613057860880895,0.0013613057860880895,0.0013613057860880895,0.0013613057860880895,0.020044200740135555,0.020044200740135555,0.020044200740135555,0.020044200740135555
61,0.0,0.0,0.0,0.0,0.0,0.0,0.0,0.0,0.0,0.0,0.0,0.0,0.002457062603216958,0.07354057344976829,0.12572123046318415,0.2073419110433844,0.06905489157446444,0.06905489157446444,0.06905489157446444,0.06905489157446444,0.06905489157446444,0.06905489157446444,0.06905489157446444,0.06905489157446444,0.0032083408203942847,0.0032083408203942847,0.0032083408203942847,0.0032083408203942847,0.0032083408203942847,0.0032083408203942847,0.0032083408203942847,0.0032083408203942847,0.0032083408203942847,0.0032083408203942847,0.0032083408203942847,0.0032083408203942847,0.0,0.0,0.0,0.0,0.0,0.0,0.0,0.0,0.0,0.0,0.0,0.0
62,0.0,0.0,0.0,0.0,0.0,0.0,0.0,0.0,0.0,0.0,0.0,0.0,0.0,0.03317356126387363,0.023636396264514126,0.036239947904645346,0.059043466154724035,0.059043466154724035,0.059043466154724035,0.059043466154724035,0.059043466154724035,0.059043466154724035,0.059043466154724035,0.059043466154724035,0.027553920607529682,0.027553920607529682,0.027553920607529682,0.027553920607529682,0.027553920607529682,0.027553920607529682,0.027553920607529682,0.027553920607529682,0.027553920607529682,0.027553920607529682,0.027553920607529682,0.027553920607529682,0.012994414754852298,0.012994414754852298,0.012994414754852298,0.012994414754852298,0.012994414754852298,0.012994414754852298,0.012994414754852298,0.012994414754852298,0.0,0.0,0.0,0.0
63,0.00028224809355080916,0.0,0.0,0.0,0.0,0.0,0.00028224809355080916,0.00028224809355080916,0.00028224809355080916,0.00028224809355080916,0.00028224809355080916,0.00028224809355080916,0.00028224809355080916,0.00028224809355080916,0.00028224809355080916,0.00028224809355080916,0.048305145655799214,0.048305145655799214,0.048305145655799214,0.048305145655799214,0.048305145655799214,0.048305145655799214,0.048305145655799214,0.048305145655799214,0.042306052426002605,0.042306052426002605,0.042306052426002605,0.042306052426002605,0.042306052426002605,0.042306052426002605,0.042306052426002605,0.042306052426002605,0.042306052426002605,0.042306052426002605,0.042306052426002605,0.042306052426002605,0.012706560529789109,0.012706560529789109,0.012706560529789109,0.012706560529789109,0.012706560529789109,0.012706560529789109,0.012706560529789109,0.012706560529789109,0.00028224809355080916,0.00028224809355080916,0.00028224809355080916,0.00028224809355080916
64,0.0013555802982213058,0.0,0.0,0.0,0.0,0.0,0.0013555802982213058,0.0013555802982213058,0.0013555802982213058,0.0013555802982213058,0.0013555802982213058,0.0013555802982213058,0.0013555802982213058,0.0013555802982213058,0.0013555802982213058,0.0013555802982213058,0.037327723203029795,0.037327723203029795,0.037327723203029795,0.037327723203029795,0.037327723203029795,0.037327723203029795,0.037327723203029795,0.037327723203029795,0.02785862621204013,0.02785862621204013,0.02785862621204013,0.02785862621204013,0.02785862621204013,0.02785862621204013,0.02785862621204013,0.02785862621204013,0.02785862621204013,0.02785862621204013,0.02785862621204013,0.02785862621204013,0.04334262441974505,0.04334262441974505,0.04334262441974505,0.04334262441974505,0.04334262441974505,0.04334262441974505,0.04334262441974505,0.04334262441974505,0.0013555802982213058,0.0013555802982213058,0.0013555802982213058,0.0013555802982213058
65,0.002726046764438507,0.0,0.0,0.0,0.0,0.0,0.002726046764438507,0.002726046764438507,0.002726046764438507,0.002726046764438507,0.002726046764438507,0.002726046764438507,0.002726046764438507,0.002726046764438507,0.002726046764438507,0.002726046764438507,0.05978645376414603,0.05978645376414603,0.05978645376414603,0.05978645376414603,0.05978645376414603,0.05978645376414603,0.05978645376414603,0.05978645376414603,0.028004162071551257,0.028004162071551257,0.028004162071551257,0.028004162071551257,0.028004162071551257,0.028004162071551257,0.028004162071551257,0.028004162071551257,0.028004162071551257,0.028004162071551257,0.028004162071551257,0.028004162071551257,0.01809596544520479,0.01809596544520479,0.01809596544520479,0.01809596544520479,0.01809596544520479,0.01809596544520479,0.01809596544520479,0.01809596544520479,0.002726046764438507,0.002726046764438507,0.002726046764438507,0.002726046764438507
66,0.0,0.0,0.0,0.0,0.0,0.0,0.0,0.0,0.0,0.0,0.0,0.0,0.03005153506317034,0.024813957005529106,0.02644558844963945,0.0196433165022318,0.0706078969408396,0.0706078969408396,0.0706078969408396,0.0706078969408396,0.0706078969408396,0.0706078969408396,0.0706078969408396,0.0706078969408396,0.0259389305617683,0.0259389305617683,0.0259389305617683,0.0259389305617683,0.0259389305617683,0.0259389305617683,0.0259389305617683,0.0259389305617683,0.0259389305617683,0.0259389305617683,0.0259389305617683,0.0259389305617683,0.002864407588936709,0.002864407588936709,0.002864407588936709,0.002864407588936709,0.002864407588936709,0.002864407588936709,0.002864407588936709,0.002864407588936709,0.0,0.0,0.0,0.0
75,0.008282642460835068,0.008282642460835068,0.008282642460835068,0.008282642460835068,0.09316780695493816,0.09316780695493816,0.09316780695493816,0.09316780695493816,0.11475535074118746,0.11475535074118746,0.11475535074118746,0.11475535074118746,0.01701835809426931,0.01701835809426931,0.01701835809426931,0.01701835809426931,0.006555803028190008,0.006555803028190008,0.006555803028190008,0.006555803028190008,0.010220038720580159,0.010220038720580159,0.010220038720580159,0.010220038720580159,0.0,0.0,0.0,0.0,0.0,0.0,0.0,0.0,0.0,0.0,0.0,0.0,0.0,0.0,0.0,0.0,0.0,0.0,0.0,0.0,0.0,0.0,0.0,0.0
76,0.01945775875227606,0.01945775875227606,0.01945775875227606,0.01945775875227606,0.08614996608166968,0.08614996608166968,0.08614996608166968,0.08614996608166968,0.031239424710440257,0.031239424710440257,0.031239424710440257,0.031239424710440257,0.0754113158733142,0.0754113158733142,0.0754113158733142,0.0754113158733142,0.03606237597981559,0.03606237597981559,0.03606237597981559,0.03606237597981559,0.0011650040853707813,0.0011650040853707813,0.0011650040853707813,0.0011650040853707813,0.0,0.0,0.0,0.0,0.0005141545171135084,0.0005141545171135084,0.0005141545171135084,0.0005141545171135084,0.0,0.0,0.0,0.0,0.0,0.0,0.0,0.0,0.0,0.0,0.0,0.0,0.0,0.0,0.0,0.0
91,0.0,0.0,0.0,0.0,0.0,0.0,0.0,0.0,0.0,0.0,0.0,0.0,0.0,0.0,0.0,0.12083418482855883,0.0965217421792667,0.0965217421792667,0.0965217421792667,0.0965217421792667,0.0965217421792667,0.0965217421792667,0.0965217421792667,0.0965217421792667,0.008915989811442216,0.008915989811442216,0.008915989811442216,0.008915989811442216,0.008915989811442216,0.008915989811442216,0.008915989811442216,0.008915989811442216,0.008915989811442216,0.008915989811442216,0.008915989811442216,0.008915989811442216,0.0,0.0,0.0,0.0,0.0,0.0,0.0,0.0,0.0,0.0,0.0,0.0
92,0.0,0.0,0.0,0.0,0.0,0.0,0.0,0.0,0.00041013978818105245,0.0,0.00040851246459350693,0.0028633572184656956,0.015237010459025669,0.008625954140502465,0.027740361389513017,0.04306337590014047,0.15910041660568722,0.13178947878886768,0.25071062508862124,0.07800014190261678,0.10749866369611401,0.035012111084579696,0.020607069809686667,0.008523622608905644,0.014702082073739665,0.0009562967062211167,0.017202871596900225,0.011997958468315303,0.01588454963656982,0.0028016274103781352,0.010649639509854474,0.012926129598531672,0.0069776652007374155,0.004269256309865844,0.00312164059386896,0.00022036673581345397,0.0023230857874005878,0.0041509770071110775,0.0022250124191911785,0.0,0.0,0.0,0.0,0.0,0.0,0.0,0.0,0.0
93,0.0,0.0,0.0,0.0,0.0,0.0,0.0,0.0,0.0,0.0,0.0,0.0,0.005754858880529474,0.0,0.04433898166527847,0.04793431582558139,0.08992693320841295,0.08992693320841295,0.08992693320841295,0.08992693320841295,0.08992693320841295,0.08992693320841295,0.08992693320841295,0.08992693320841295,0.014684303920611987,0.014684303920611987,0.014684303920611987,0.014684303920611987,0.014684303920611987,0.014684303920611987,0.014684303920611987,0.014684303920611987,0.014684303920611987,0.014684303920611987,0.014684303920611987,0.014684303920611987,0.0007930913642453794,0.0007930913642453794,0.0007930913642453794,0.0007930913642453794,0.0007930913642453794,0.0007930913642453794,0.0007930913642453794,0.0007930913642453794,0.0,0.0,0.0,0.0
94,0.0,0.0,0.0,0.0,0.0,0.0,0.0,0.0,0.0024626853900205936,0.0,0.0025575143053260412,0.0014846636151577691,0.017249635805064594,0.01706584647824473,0.06452972846636494,0.04957998643459733,0.137495465054332,0.12658111654560197,0.232460628021495,0.08113430376223676,0.08028991765607212,0.025297016679949963,0.02327350229762101,0.004986328591096057,0.01581090256061818,0.0056351205188842875,0.019092651293335133,0.009908680314273647,0.015324800483591855,0.011763059668266716,0.02310480825511914,0.0005454994766685423,0.010361013053011082,0.00014160733569758282,0.010057072047417516,0.0,0.0032223852550619676,0.000593753503505244,0.0026488492559466528,0.0013192939274045735,0.0,0.0,0.0,0.0008216074917387244,0.0032005564562785456,0.0,0.0,0.0
95,0.0,0.0,0.0,0.0,0.0,0.0,0.0,0.0,0.0,0.0,0.006338832773051894,0.000199537878073907,0.023722676704533062,0.01236099549809492,0.07908139223399323,0.09842356719686422,0.21673908310070164,0.1527656052037696,0.23567600768253327,0.04496394344043599,0.04834211321662209,0.006449743892344255,0.016565218662966227,0.005658834797214641,0.033018551265867745,0.005575082742294835,0.0008592942264471718,0.003438848232826999,0.0003665313046518139,0.0002592413939424609,0.007827938738435927,0.0,0.00044053395184813954,0.0,0.0009264258624859969,0.0,0.0,0.0,0.0,0.0,0.0,0.0,0.0,0.0,0.0,0.0,0.0,0.0
96,0.0,0.0,0.0,0.0,0.0,0.0,0.00583530773272225,0.0,0.005723655028303962,0.004746327608257675,0.003865647479471274,0.02819022131408397,0.026102781885953583,0.08171868095581555,0.10676451350308495,0.19187395168820773,0.170332771007695,0.14792671471639693,0.0651852683512818,0.02578444959289938,0.03528236558296287,0.010952486580088544,0.009050927817325699,0.004303623525371324,0.005890778927223502,0.009855737380763849,0.006124694672583328,0.014941862126046408,0.002371543397086584,0.004064779966814508,0.0031565751156665423,0.012551917120219712,0.009115588717518637,0.000772734382944226,0.003861097021338919,0.0014919731361373438,0.0,0.0,0.0021610236657340896,0.0,0.0,0.0,0.0,0.0,0.0,0.0,0.0,0.0
97,0.006073348682458892,0.0,0.0,0.0,0.0,0.0,0.006073348682458892,0.006073348682458892,0.006073348682458892,0.006073348682458892,0.006073348682458892,0.006073348682458892,0.006073348682458892,0.006073348682458892,0.006073348682458892,0.006073348682458892,0.10059444484927677,0.10059444484927677,0.10059444484927677,0.10059444484927677,0.10059444484927677,0.10059444484927677,0.10059444484927677,0.10059444484927677,0.008678684247408518,0.008678684247408518,0.008678684247408518,0.008678684247408518,0.008678684247408518,0.008678684247408518,0.008678684247408518,0.008678684247408518,0.008678684247408518,0.008678684247408518,0.008678684247408518,0.008678684247408518,0.0,0.0,0.0,0.0,0.0,0.0,0.0,0.0,0.006073348682458892,0.006073348682458892,0.006073348682458892,0.006073348682458892
98,0.00028238637912874124,0.0,0.0,0.0,0.0,0.0,0.00028238637912874124,0.00028238637912874124,0.00028238637912874124,0.00028238637912874124,0.00028238637912874124,0.00028238637912874124,0.00028238637912874124,0.00028238637912874124,0.00028238637912874124,0.00028238637912874124,0.03453958780496535,0.03453958780496535,0.03453958780496535,0.03453958780496535,0.03453958780496535,0.03453958780496535,0.03453958780496535,0.03453958780496535,0.045358704778309625,0.045358704778309625,0.045358704778309625,0.045358704778309625,0.045358704778309625,0.045358704778309625,0.045358704778309625,0.045358704778309625,0.045358704778309625,0.045358704778309625,0.045358704778309625,0.045358704778309625,0.02189288056670371,0.02189288056670371,0.02189288056670371,0.02189288056670371,0.02189288056670371,0.02189288056670371,0.02189288056670371,0.02189288056670371,0.00028238637912874124,0.00028238637912874124,0.00028238637912874124,0.00028238637912874124
99,0.0003122756778845515,0.0,0.0,0.0,0.0,0.0,0.0003122756778845515,0.0003122756778845515,0.0003122756778845515,0.0003122756778845515,0.0003122756778845515,0.0003122756778845515,0.0003122756778845515,0.0003122756778845515,0.0003122756778845515,0.0003122756778845515,0.04400884835025263,0.04400884835025263,0.04400884835025263,0.04400884835025263,0.04400884835025263,0.04400884835025263,0.04400884835025263,0.04400884835025263,0.050107168428756385,0.050107168428756385,0.050107168428756385,0.050107168428756385,0.050107168428756385,0.050107168428756385,0.050107168428756385,0.050107168428756385,0.050107168428756385,0.050107168428756385,0.050107168428756385,0.050107168428756385,0.0052448821105792985,0.0052448821105792985,0.0052448821105792985,0.0052448821105792985,0.0052448821105792985,0.0052448821105792985,0.0052448821105792985,0.0052448821105792985,0.0003122756778845515,0.0003122756778845515,0.0003122756778845515,0.0003122756778845515
100,0.001759652686312729,0.0,0.0,0.0,0.0,0.0,0.001759652686312729,0.001759652686312729,0.001759652686312729,0.001759652686312729,0.001759652686312729,0.001759652686312729,0.001759652686312729,0.001759652686312729,0.001759652686312729,0.001759652686312729,0.0515748708162943,0.0515748708162943,0.0515748708162943,0.0515748708162943,0.0515748708162943,0.0515748708162943,0.0515748708162943,0.0515748708162943,0.04597085751276673,0.04597085751276673,0.04597085751276673,0.04597085751276673,0.04597085751276673,0.04597085751276673,0.04597085751276673,0.04597085751276673,0.04597085751276673,0.04597085751276673,0.04597085751276673,0.04597085751276673,0.0011694941277191856,0.0011694941277191856,0.0011694941277191856,0.0011694941277191856,0.0011694941277191856,0.0011694941277191856,0.0011694941277191856,0.0011694941277191856,0.001759652686312729,0.001759652686312729,0.001759652686312729,0.001759652686312729
101,0.0005467915138085867,0.0,0.0,0.0,0.0,0.0,0.0005467915138085867,0.0005467915138085867,0.0005467915138085867,0.0005467915138085867,0.0005467915138085867,0.0005467915138085867,0.0005467915138085867,0.0005467915138085867,0.0005467915138085867,0.0005467915138085867,0.048796405685679875,0.048796405685679875,0.048796405685679875,0.048796405685679875,0.048796405685679875,0.048796405685679875,0.048796405685679875,0.048796405685679875,0.04658713596523802,0.04658713596523802,0.04658713596523802,0.04658713596523802,0.04658713596523802,0.04658713596523802,0.04658713596523802,0.04658713596523802,0.04658713596523802,0.04658713596523802,0.04658713596523802,0.04658713596523802,0.005297656278072042,0.005297656278072042,0.005297656278072042,0.005297656278072042,0.005297656278072042,0.005297656278072042,0.005297656278072042,0.005297656278072042,0.0005467915138085867,0.0005467915138085867,0.0005467915138085867,0.0005467915138085867
102,0.0,0.0,0.0,0.0,0.0,0.0,0.0,0.0,0.0,0.0,0.0,0.0,0.0,0.0,0.0,0.2884129722818325,0.04860691813906189,0.04860691813906189,0.04860691813906189,0.04860691813906189,0.04860691813906189,0.04860691813906189,0.04860691813906189,0.04860691813906189,0.026894306883806018,0.026894306883806018,0.026894306883806018,0.026894306883806018,0.026894306883806018,0.026894306883806018,0.026894306883806018,0.026894306883806018,0.026894306883806018,0.026894306883806018,0.026894306883806018,0.026894306883806018,0.0,0.0,0.0,0.0,0.0,0.0,0.0,0.0,0.0,0.0,0.0,0.0
103,0.00046121192007692155,0.0,0.0,0.0,0.0,0.0,0.00046121192007692155,0.00046121192007692155,0.00046121192007692155,0.00046121192007692155,0.00046121192007692155,0.00046121192007692155,0.00046121192007692155,0.00046121192007692155,0.00046121192007692155,0.00046121192007692155,0.0326786842757113,0.0326786842757113,0.0326786842757113,0.0326786842757113,0.0326786842757113,0.0326786842757113,0.0326786842757113,0.0326786842757113,0.03319509850959203,0.03319509850959203,0.03319509850959203,0.03319509850959203,0.03319509850959203,0.03319509850959203,0.03319509850959203,0.03319509850959203,0.03319509850959203,0.03319509850959203,0.03319509850959203,0.03319509850959203,0.04166389560975651,0.04166389560975651,0.04166389560975651,0.04166389560975651,0.04166389560975651,0.04166389560975651,0.04166389560975651,0.04166389560975651,0.00046121192007692155,0.00046121192007692155,0.00046121192007692155,0.00046121192007692155
104,0.003147394801269563,0.0,0.0,0.0,0.0,0.0,0.003147394801269563,0.003147394801269563,0.003147394801269563,0.003147394801269563,0.003147394801269563,0.003147394801269563,0.003147394801269563,0.003147394801269563,0.003147394801269563,0.003147394801269563,0.03794792120931171,0.03794792120931171,0.03794792120931171,0.03794792120931171,0.03794792120931171,0.03794792120931171,0.03794792120931171,0.03794792120931171,0.03716188526279102,0.03716188526279102,0.03716188526279102,0.03716188526279102,0.03716188526279102,0.03716188526279102,0.03716188526279102,0.03716188526279102,0.03716188526279102,0.03716188526279102,0.03716188526279102,0.03716188526279102,0.025407885644121348,0.025407885644121348,0.025407885644121348,0.025407885644121348,0.025407885644121348,0.025407885644121348,0.025407885644121348,0.025407885644121348,0.003147394801269563,0.003147394801269563,0.003147394801269563,0.003147394801269563
105,0.002348681070543451,0.0,0.0,0.0,0.0,0.0,0.002348681070543451,0.002348681070543451,0.002348681070543451,0.002348681070543451,0.002348681070543451,0.002348681070543451,0.002348681070543451,0.002348681070543451,0.002348681070543451,0.002348681070543451,0.09683548631854415,0.09683548631854415,0.09683548631854415,0.09683548631854415,0.09683548631854415,0.09683548631854415,0.09683548631854415,0.09683548631854415,0.01095858226673577,0.01095858226673577,0.01095858226673577,0.01095858226673577,0.01095858226673577,0.01095858226673577,0.01095858226673577,0.01095858226673577,0.01095858226673577,0.01095858226673577,0.01095858226673577,0.01095858226673577,0.00732286327408324,0.00732286327408324,0.00732286327408324,0.00732286327408324,0.00732286327408324,0.00732286327408324,0.00732286327408324,0.00732286327408324,0.002348681070543451,0.002348681070543451,0.002348681070543451,0.002348681070543451
106,9.290005307638539e-05,0.0,0.0,0.0,0.0,0.0,9.290005307638539e-05,9.290005307638539e-05,9.290005307638539e-05,9.290005307638539e-05,9.290005307638539e-05,9.290005307638539e-05,9.290005307638539e-05,9.290005307638539e-05,9.290005307638539e-05,9.290005307638539e-05,0.09195013459089402,0.09195013459089402,0.09195013459089402,0.09195013459089402,0.09195013459089402,0.09195013459089402,0.09195013459089402,0.09195013459089402,0.021767198731457868,0.021767198731457868,0.021767198731457868,0.021767198731457868,0.021767198731457868,0.021767198731457868,0.021767198731457868,0.021767198731457868,0.021767198731457868,0.021767198731457868,0.021767198731457868,0.021767198731457868,0.0002248797124010528,0.0002248797124010528,0.0002248797124010528,0.0002248797124010528,0.0002248797124010528,0.0002248797124010528,0.0002248797124010528,0.0002248797124010528,9.290005307638539e-05,9.290005307638539e-05,9.290005307638539e-05,9.290005307638539e-05
107,0.0,0.0,0.0,0.0,0.0,0.0,0.0014053068709447883,0.0016041352984709038,0.005760356029708518,0.006365512876098934,0.017653652814025488,0.017119558588020063,0.07164780793300013,0.0821854155724424,0.10796915999282895,0.12976679974266908,0.11708827790419703,0.11326368273475589,0.06464969992651468,0.0388817580335847,0.02766783992144992,0.019944739777063195,0.015393026831515043,0.009249028857982806,0.02008965369914904,0.011584078179387104,0.02242154381514655,0.015573745081544584,0.016410537988564212,0.014471676426693747,0.012314563174425756,0.005823585640802987,0.006205238455296506,0.009493646262639528,0.004334774340525459,0.0032835779933157575,0.003682235913455739,0.001893989144333181,0.0035266352965370278,0.00024381135224840614,0.00015364398970174443,0.0006222269562633559,0.00010742598467638467,0.0,0.00014765060002053742,0.0,0.0,0.0
108,0.0,0.0,0.0,0.0,0.0,0.0,0.004291091521089338,0.0004312529576356807,0.0,0.0012843331707805994,0.004165483206114117,0.008632114886632977,0.032774466390485466,0.09425746817271512,0.13420278122405005,0.1501193116480158,0.1690537325015259,0.14881387898885448,0.04804533621878993,0.037909578074830946,0.029203777490970997,0.006676471292852731,0.015335590274370947,0.012317456076668227,0.023138392343307144,0.018583367620001952,0.0037455519251705428,0.015325473895795586,0.002859427583881199,0.006471245588795104,0.007919120108539669,0.007131816670147813,0.010274963305105116,0.0016282358716410593,0.0011069918355136974,0.0004483438140775922,0.0015896121612033955,0.0005089743721524239,0.001664178132335856,9.018067594824765e-05,0.0,0.0,0.0,0.0,0.0,0.0,0.0,0.0
109,0.0009738625012303683,0.0,0.0,0.0,0.0,0.0,0.0009738625012303683,0.0009738625012303683,0.0009738625012303683,0.0009738625012303683,0.0009738625012303683,0.0009738625012303683,0.0009738625012303683,0.0009738625012303683,0.0009738625012303683,0.0009738625012303683,0.05118889052089269,0.05118889052089269,0.05118889052089269,0.05118889052089269,0.05118889052089269,0.05118889052089269,0.05118889052089269,0.05118889052089269,0.045548765401247776,0.045548765401247776,0.045548765401247776,0.045548765401247776,0.045548765401247776,0.045548765401247776,0.045548765401247776,0.045548765401247776,0.045548765401247776,0.045548765401247776,0.045548765401247776,0.045548765401247776,0.003661969187428701,0.003661969187428701,0.003661969187428701,0.003661969187428701,0.003661969187428701,0.003661969187428701,0.003661969187428701,0.003661969187428701,0.0009738625012303683,0.0009738625012303683,0.0009738625012303683,0.0009738625012303683
110,0.0029515608468168543,0.0,0.0,0.0,0.0,0.0,0.0029515608468168543,0.0029515608468168543,0.0029515608468168543,0.0029515608468168543,0.0029515608468168543,0.0029515608468168543,0.0029515608468168543,0.0029515608468168543,0.0029515608468168543,0.0029515608468168543,0.05597984926738001,0.05597984926738001,0.05597984926738001,0.05597984926738001,0.05597984926738001,0.05597984926738001,0.05597984926738001,0.05597984926738001,0.027628365930575768,0.027628365930575768,0.027628365930575768,0.027628365930575768,0.027628365930575768,0.027628365930575768,0.027628365930575768,0.027628365930575768,0.027628365930575768,0.027628365930575768,0.027628365930575768,0.027628365930575768,0.022043425248974752,0.022043425248974752,0.022043425248974752,0.022043425248974752,0.022043425248974752,0.022043425248974752,0.022043425248974752,0.022043425248974752,0.0029515608468168543,0.0029515608468168543,0.0029515608468168543,0.0029515608468168543
111,0.0,0.0,0.0,0.0,0.0,0.0,0.0,0.0,0.00030540398563804323,0.0,0.0009872426241281141,0.00038492559243034875,0.006237314691427515,0.014337275285012907,0.025741065865306646,0.00802563788835693,0.03183245152737116,0.04225494494016949,0.07235195275554865,0.037470678262639695,0.07802990881297556,0.051249647286459844,0.05695317510365489,0.043553932770701215,0.053072896668116626,0.03661675418345847,0.07145717502428618,0.052188291873997206,0.03807284238546794,0.027249988579056632,0.05623512404700556,0.014144142388163639,0.028830013917135657,0.013012949555336951,0.029216783410639706,0.015727567699929754,0.02934785329574064,0.013163079081292203,0.017147704328322102,0.005036188537391671,0.012929227451952402,0.004486373215777232,0.009444551245793076,0.00071246538559196,0.0010455098980564656,0.0,0.0010568791222376073,9.008131342890392e-05
112,0.0005059561265735616,0.0,0.0,0.0,0.0,0.0,0.0,0.0,2.5506763980071347e-05,2.5246727791670837e-05,0.0010602418361627035,0.0006708190700194842,0.01128958256348884,0.012450918111395603,0.03968964383730181,0.03963936862637659,0.07872069030543896,0.03328290937551699,0.036848177328112436,0.023245958279580314,0.043967903157471275,0.027617083023532312,0.034264615639279364,0.032389271796561814,0.017546406162660767,0.016834779985075862,0.029484193934784988,0.019629867182662658,0.05366664004236618,0.05904614797690844,0.05233362953157806,0.033258224511632406,0.05846116406657792,0.03232938453367251,0.047647800634117714,0.026511474159500455,0.03093838595287107,0.02109850513971508,0.021669753567093997,0.013409555450444173,0.015556627823033534,0.012255825961048121,0.010865639993335448,0.0038780868437379044,0.0034518503829225554,0.00398100080880077,0.000451162786874883,0.0
113,0.005984166738790549,0.0,0.0,0.0,0.0,0.0,0.005984166738790549,0.005984166738790549,0.005984166738790549,0.005984166738790549,0.005984166738790549,0.005984166738790549,0.005984166738790549,0.005984166738790549,0.005984166738790549,0.005984166738790549,0.03864733165111361,0.03864733165111361,0.03864733165111361,0.03864733165111361,0.03864733165111361,0.03864733165111361,0.03864733165111361,0.03864733165111361,0.017516628934879694,0.017516628934879694,0.017516628934879694,0.017516628934879694,0.017516628934879694,0.017516628934879694,0.017516628934879694,0.017516628934879694,0.017516628934879694,0.017516628934879694,0.017516628934879694,0.017516628934879694,0.04885741231133454,0.04885741231133454,0.04885741231133454,0.04885741231133454,0.04885741231133454,0.04885741231133454,0.04885741231133454,0.04885741231133454,0.005984166738790549,0.005984166738790549,0.005984166738790549,0.005984166738790549
114,0.0,0.0,0.0,0.0,0.0,0.0,0.0,0.0,0.0005851817994788789,0.0004943403339755289,0.0015589139359838008,0.004542331707406059,0.010205225601209665,0.009497430372780903,0.01845047070138509,0.021931704973756457,0.03286727528303397,0.026870638955974288,0.04317158684488694,0.01742145940232224,0.029141878285509855,0.027531941717956174,0.03851284408225644,0.019756972349777392,0.031250051939812645,0.017577866646937983,0.027319697907915014,0.01386390147549606,0.013202841943856354,0.02587450935879414,0.028147111791705634,0.021783527022384286,0.05016388657763759,0.0299414473624203,0.07532173800240999,0.03468101860813462,0.09179960049416297,0.06487767540708143,0.09807762392332564,0.03218986357818182,0.01997739984737296,0.002987958071142848,0.013004862579923972,0.0007775364617484816,0.0010424041697788325,0.0010648421688444227,0.002532438313238115,0.0
115,0.005484612998324042,0.0,0.0,0.0,0.0,0.0,0.005484612998324042,0.005484612998324042,0.005484612998324042,0.005484612998324042,0.005484612998324042,0.005484612998324042,0.005484612998324042,0.005484612998324042,0.005484612998324042,0.005484612998324042,0.11133075054190576,0.11133075054190576,0.11133075054190576,0.11133075054190576,0.11133075054190576,0.11133075054190576,0.11133075054190576,0.11133075054190576,0.0021460597777487283,0.0021460597777487283,0.0021460597777487283,0.0021460597777487283,0.0021460597777487283,0.0021460597777487283,0.0021460597777487283,0.0021460597777487283,0.0021460597777487283,0.0021460597777487283,0.0021460597777487283,0.0021460597777487283,0.00016651041961357384,0.00016651041961357384,0.00016651041961357384,0.00016651041961357384,0.00016651041961357384,0.00016651041961357384,0.00016651041961357384,0.00016651041961357384,0.005484612998324042,0.005484612998324042,0.005484612998324042,0.005484612998324042
116,7.520616598659465e-05,0.0,0.0,0.0,0.0,0.0,7.520616598659465e-05,7.520616598659465e-05,7.520616598659465e-05,7.520616598659465e-05,7.520616598659465e-05,7.520616598659465e-05,7.520616598659465e-05,7.520616598659465e-05,7.520616598659465e-05,7.520616598659465e-05,0.1105305193820535,0.1105305193820535,0.1105305193820535,0.1105305193820535,0.1105305193820535,0.1105305193820535,0.1105305193820535,0.1105305193820535,0.00020961867972078252,0.00020961867972078252,0.00020961867972078252,0.00020961867972078252,0.00020961867972078252,0.00020961867972078252,0.00020961867972078252,0.00020961867972078252,0.00020961867972078252,0.00020961867972078252,0.00020961867972078252,0.00020961867972078252,0.01401404103714052,0.01401404103714052,0.01401404103714052,0.01401404103714052,0.01401404103714052,0.01401404103714052,0.01401404103714052,0.01401404103714052,7.520616598659465e-05,7.520616598659465e-05,7.520616598659465e-05,7.520616598659465e-05
117,0.0014547609232577199,0.0,0.0,0.0,0.0,0.0,0.0014547609232577199,0.0014547609232577199,0.0014547609232577199,0.0014547609232577199,0.0014547609232577199,0.0014547609232577199,0.0014547609232577199,0.0014547609232577199,0.0014547609232577199,0.0014547609232577199,0.03413780985438956,0.03413780985438956,0.03413780985438956,0.03413780985438956,0.03413780985438956,0.03413780985438956,0.03413780985438956,0.03413780985438956,0.0587563422763348,0.0587563422763348,0.0587563422763348,0.0587563422763348,0.0587563422763348,0.0587563422763348,0.0587563422763348,0.0587563422763348,0.0587563422763348,0.0587563422763348,0.0587563422763348,0.0587563422763348,0.0,0.0,0.0,0.0,0.0,0.0,0.0,0.0,0.0014547609232577199,0.0014547609232577199,0.0014547609232577199,0.0014547609232577199
118,0.0,0.0,0.0,0.0,0.0,0.0,0.0,0.0,0.0,0.0,0.0,0.0,0.0,0.0,0.27642146635296705,0.0,0.03913877117558882,0.03913877117558882,0.03913877117558882,0.03913877117558882,0.03913877117558882,0.03913877117558882,0.03913877117558882,0.03913877117558882,0.020972768104609102,0.020972768104609102,0.020972768104609102,0.020972768104609102,0.020972768104609102,0.020972768104609102,0.020972768104609102,0.020972768104609102,0.020972768104609102,0.020972768104609102,0.020972768104609102,0.020972768104609102,0.019849393373376736,0.019849393373376736,0.019849393373376736,0.019849393373376736,0.019849393373376736,0.019849393373376736,0.019849393373376736,0.019849393373376736,0.0,0.0,0.0,0.0
119,0.0021124244286592248,0.0,0.0,0.0,0.0,0.0,0.0021124244286592248,0.0021124244286592248,0.0021124244286592248,0.0021124244286592248,0.0021124244286592248,0.0021124244286592248,0.0021124244286592248,0.0021124244286592248,0.0021124244286592248,0.0021124244286592248,0.05031054818700244,0.05031054818700244,0.05031054818700244,0.05031054818700244,0.05031054818700244,0.05031054818700244,0.05031054818700244,0.05031054818700244,0.02829272788123925,0.02829272788123925,0.02829272788123925,0.02829272788123925,0.02829272788123925,0.02829272788123925,0.02829272788123925,0.02829272788123925,0.02829272788123925,0.02829272788123925,0.02829272788123925,0.02829272788123925,0.02828956418740263,0.02828956418740263,0.02828956418740263,0.02828956418740263,0.02828956418740263,0.02828956418740263,0.02828956418740263,0.02828956418740263,0.0021124244286592248,0.0021124244286592248,0.0021124244286592248,0.0021124244286592248
120,0.0,0.0,0.0,0.0,0.0,0.0,0.0,0.0,0.0,0.0,0.0,0.0,0.0,0.15148438781820706,0.0035717440965254373,0.2148725909658854,0.06248235031489404,0.06248235031489404,0.06248235031489404,0.06248235031489404,0.06248235031489404,0.06248235031489404,0.06248235031489404,0.06248235031489404,0.010851039550019141,0.010851039550019141,0.010851039550019141,0.010851039550019141,0.010851039550019141,0.010851039550019141,0.010851039550019141,0.010851039550019141,0.010851039550019141,0.010851039550019141,0.010851039550019141,0.010851039550019141,0.0,0.0,0.0,0.0,0.0,0.0,0.0,0.0,0.0,0.0,0.0,0.0
121,0.0,0.0,0.0,0.0,0.0,0.0,0.0,0.0,0.0,0.0,0.0,0.0,0.0,0.01486954599056604,0.0,0.4479727115271227,0.06714471781028893,0.06714471781028893,0.06714471781028893,0.06714471781028893,0.06714471781028893,0.06714471781028893,0.06714471781028893,0.06714471781028893,0.0,0.0,0.0,0.0,0.0,0.0,0.0,0.0,0.0,0.0,0.0,0.0,0.0,0.0,0.0,0.0,0.0,0.0,0.0,0.0,0.0,0.0,0.0,0.0
122,0.0,0.0,0.0,0.0,0.0,0.0,0.0,0.0,0.0,0.0,0.0,0.0,0.0,0.0,0.05083885070923872,0.0,0.02277519574795305,0.02277519574795305,0.02277519574795305,0.02277519574795305,0.02277519574795305,0.02277519574795305,0.02277519574795305,0.02277519574795305,0.0,0.0,0.0,0.0,0.0,0.0,0.0,0.0,0.0,0.0,0.0,0.0,0.09586994791339211,0.09586994791339211,0.09586994791339211,0.09586994791339211,0.09586994791339211,0.09586994791339211,0.09586994791339211,0.09586994791339211,0.0,0.0,0.0,0.0
123,0.001991614407682397,0.0,0.0,0.0,0.0,0.0,0.001991614407682397,0.001991614407682397,0.001991614407682397,0.001991614407682397,0.001991614407682397,0.001991614407682397,0.001991614407682397,0.001991614407682397,0.001991614407682397,0.001991614407682397,0.0,0.0,0.0,0.0,0.0,0.0,0.0,0.26536694333614014,0.05091565341162077,0.05091565341162077,0.05091565341162077,0.05091565341162077,0.05091565341162077,0.05091565341162077,0.05091565341162077,0.05091565341162077,0.05091565341162077,0.05091565341162077,0.05091565341162077,0.05091565341162077,0.011721374951146848,0.011721374951146848,0.011721374951146848,0.011721374951146848,0.011721374951146848,0.011721374951146848,0.011721374951146848,0.011721374951146848,0.001991614407682397,0.001991614407682397,0.001991614407682397,0.001991614407682397
124,0.0,0.0,0.0,0.0,0.0,0.0,0.0,0.0,0.0,0.0,0.0,0.0,0.0,0.03660290941032009,0.0,0.0,0.004575363676290012,0.004575363676290012,0.004575363676290012,0.004575363676290012,0.004575363676290012,0.004575363676290012,0.004575363676290012,0.004575363676290012,0.04630113054104039,0.04630113054104039,0.04630113054104039,0.04630113054104039,0.04630113054104039,0.04630113054104039,0.04630113054104039,0.04630113054104039,0.04630113054104039,0.04630113054104039,0.04630113054104039,0.04630113054104039,0.04639757683585944,0.04639757683585944,0.04639757683585944,0.04639757683585944,0.04639757683585944,0.04639757683585944,0.04639757683585944,0.04639757683585944,0.0,0.0,0.0,0.0
